"timeStep","repNb","resource1amountMean","resource1amountICinf","resource1amountICsup","resource2amountMean","resource2amountICinf","resource2amountICsup","prey1PopulationSizeMean","prey1PopulationSizeICinf","prey1PopulationSizeICsup","prey2PopulationSizeMean","prey2PopulationSizeICinf","prey2PopulationSizeICsup","prey1catchesMean","prey1catchesICinf","prey1catchesICsup","prey2catchesMean","prey2catchesICinf","prey2catchesICsup","predator1PopulationSizeMean","predator1PopulationSizeICinf","predator1PopulationSizeICsup","prey1growthRateMean","prey1growthRateICinf","prey1growthRateICsup","prey2growthRateMean","prey2growthRateICinf","prey2growthRateICsup","predatorGrowthRateMean","predatorGrowthRateICinf","predatorGrowthRateICsup","prey1catchRateMean","prey1catchRateICinf","prey1catchRateICsup","prey2catchRateMean","prey2catchRateICinf","prey2catchRateICsup"
0,50,250000,250000,250000,250000,250000,250000,0,0,0,4000,4000,4000,0,0,0,0,0,0,300,300,300,0,0,0,0,0,0,0,0,0,0,0,0,0,0,0
10,50,250000,250000,250000,67463.84,67237.14,67678.66,0,0,0,2795.58,2787.3,2804.8,0,0,0,644.96,638.98,650.26,202.66,200.24,204.92,0,0,0,-0.301105,-0.303205,-0.299045,-0.324466666666667,-0.332933333333333,-0.316866666666667,0,0,0,0.0173485184388096,0.0171897751893602,0.0175062707607264
20,50,250000,250000,250000,117951.24,117427.64,118452.78,0,0,0,2619.74,2607.76,2631.44,0,0,0,329.3,325.12,333.4,147.86,145.9,149.8,0,0,0,-0.062924319709521,-0.0656895429765516,-0.0603074522981099,-0.269955271766699,-0.27792424097183,-0.263185413086536,0,0,0,0.0124351671139061,0.012255121701677,0.0126296871568187
30,50,250000,250000,250000,124558.02,123968.34,125187.96,0,0,0,2930.7,2914.08,2948.74,0,0,0,229.14,225.06,233.36,112.04,109.92,113.94,0,0,0,0.118686149983265,0.115315569845225,0.121865161263612,-0.241846038870197,-0.254420253502761,-0.229336198032369,0,0,0,0.00910703379731755,0.00895113836487102,0.00926907345872142
40,50,250000,250000,250000,108669.44,107891.6,109470.78,0,0,0,3360.66,3336.76,3382.34,0,0,0,188.02,183.64,192.04,98.8,96.54,100.84,0,0,0,0.146715480364525,0.142808837027626,0.150455324452639,-0.117208118915922,-0.133005090890507,-0.101090418541232,0,0,0,0.00660996932167821,0.00647398247349239,0.00673079335248414
50,50,250000,250000,250000,88745.12,87718.88,89835.74,0,0,0,3783.04,3755.72,3809.6,0,0,0,188.22,182.8,193.52,88.92,86.88,91,0,0,0,0.125752045327002,0.121172778909213,0.130077837256985,-0.0988485254437037,-0.11285652717915,-0.0859096106169382,0,0,0,0.00575056929729473,0.00563866177922679,0.0058605754022376
60,50,250000,250000,250000,70587.32,69443.88,71770.42,0,0,0,4215.34,4188.22,4244.56,0,0,0,185.16,179.88,190.48,89.48,87.06,92.18,0,0,0,0.114391970368478,0.109504739539329,0.118564650303161,0.00636528090794064,-0.00759745505458457,0.0206757923153945,0,0,0,0.00500916601115322,0.00491297633211563,0.00510673440474019
70,50,250000,250000,250000,54090.38,52953.92,55152.44,0,0,0,4598.2,4569.08,4626.26,0,0,0,203.3,196.92,209.74,91.82,89.18,94.6,0,0,0,0.0909688677655257,0.0868358413750727,0.0943375732435821,0.0273273530743576,0.0120905310807786,0.0427234468411882,0,0,0,0.00493889204574213,0.00482868220370502,0.00504631919493983
80,50,250000,250000,250000,40895.7,39880.06,41859.5,0,0,0,4897.28,4872.56,4921.38,0,0,0,217.7,210.94,223.82,97.62,94.58,100.58,0,0,0,0.0652353634375414,0.0616152046543471,0.0686647319603048,0.0648019841409638,0.0482634055710047,0.0830576203671907,0,0,0,0.00484532952192009,0.00473321608989993,0.00495203689812269
90,50,250000,250000,250000,31854.92,30921.06,32665.7,0,0,0,5102.6,5075.32,5127.92,0,0,0,226.36,217.52,235.02,108.88,105.26,112.32,0,0,0,0.041964914207355,0.0386585043857368,0.0451516896128882,0.115166257462172,0.10210513565869,0.127708407472056,0,0,0,0.00472736486828326,0.00462443863016183,0.00483304295994889
100,50,250000,250000,250000,26797.96,26073.28,27596.2,0,0,0,5192.74,5172.62,5211.54,0,0,0,270.7,262.34,279.86,118.18,114.52,121.76,0,0,0,0.0178401770261031,0.0142757000274501,0.0214394563830919,0.0866271276948974,0.071796389597826,0.101132103051729,0,0,0,0.00544170801237647,0.00531408125041682,0.00556239856171594
110,50,250000,250000,250000,24561.28,24016.02,25165.26,0,0,0,5206.5,5186.86,5226.68,0,0,0,295.88,285.38,305.68,131.66,127.62,136.34,0,0,0,0.00272658395781544,-0.000978214708638402,0.00604446688166068,0.115462395635424,0.098308261627959,0.132377265389469,0,0,0,0.00585325678506474,0.00573629278911986,0.00595933401033526
120,50,250000,250000,250000,24598.34,24026.04,25262.96,0,0,0,5188.26,5168.32,5208.58,0,0,0,330.98,320.06,343.34,143.7,138.82,148.82,0,0,0,-0.00342613902576121,-0.00690293552310531,0.00030411092925315,0.0923115459606625,0.0791310238603788,0.105692239365598,0,0,0,0.00654843510357654,0.00642061543401116,0.0066836941645639
130,50,250000,250000,250000,25019.2,24391.92,25605.68,0,0,0,5175.26,5156.64,5194.62,0,0,0,346.92,334.38,359.08,163.08,157.46,167.86,0,0,0,-0.00242516377999248,-0.00574538504599116,0.00089972815403032,0.1359252544915,0.12299029411524,0.148345048720592,0,0,0,0.00689852840075697,0.00676255112235708,0.00704291994117574
140,50,250000,250000,250000,25733.32,25110.8,26319.68,0,0,0,5123.76,5101.18,5147.46,0,0,0,406.4,392.96,422.24,178.42,172.3,184.04,0,0,0,-0.00992447920340259,-0.0131407628854313,-0.00632730108318121,0.0946379992765649,0.0829716889201905,0.105907872249411,0,0,0,0.00814625355464252,0.0079859576723236,0.00830751108737691
150,50,250000,250000,250000,27133.96,26326.8,27855.34,0,0,0,5087.36,5062.88,5110.8,0,0,0,433.8,419.84,448.46,196.74,190.96,203.44,0,0,0,-0.00703438992917583,-0.0102444756857488,-0.00422679234806813,0.104045372400703,0.0931369414117398,0.115399707332881,0,0,0,0.00881357553810136,0.00864427163906477,0.0089863768733709
160,50,250000,250000,250000,28706.92,27978.28,29396.82,0,0,0,5029.78,5005.72,5054.1,0,0,0,470.96,456.6,484.38,216.8,210.18,222.72,0,0,0,-0.0112625631499129,-0.0144205239928319,-0.00815703158788444,0.103877189546192,0.0895651789632374,0.11892930459663,0,0,0,0.00966661972607864,0.00949345648544031,0.00984587996998598
170,50,250000,250000,250000,30607.14,29858.18,31442.46,0,0,0,4956,4927.38,4982.24,0,0,0,516.9,501.8,531.78,235.02,228.26,241.96,0,0,0,-0.0146235493236667,-0.0184933060808585,-0.0110357171187136,0.0850049941051128,0.0736443165599018,0.0965309971169471,0,0,0,0.010780284585557,0.0105878802589547,0.010971491673667
180,50,250000,250000,250000,33306.26,32324.54,34308.64,0,0,0,4885.06,4858.24,4912.56,0,0,0,554.84,539.3,569.22,252.58,245.78,259.52,0,0,0,-0.0142258227232874,-0.0184880195981252,-0.0101274540599803,0.0759272298124395,0.0663004178328164,0.0849121509232269,0,0,0,0.0117914020841184,0.0116038062656857,0.011994157183037
190,50,250000,250000,250000,35543.2,34586,36543.76,0,0,0,4810.7,4780.74,4840.5,0,0,0,591.92,576.54,608.4,271.18,264.82,277.34,0,0,0,-0.0151698194896079,-0.0190740249995535,-0.0113521373902461,0.0753624647116718,0.0655018031368881,0.0856933832839323,0,0,0,0.012815665415396,0.0126125904813428,0.0130270704893219
200,50,250000,250000,250000,38773.66,37624.8,39925.14,0,0,0,4717.06,4682.52,4749.98,0,0,0,627.96,614.32,641.24,291.28,284.1,298.56,0,0,0,-0.0194533819205475,-0.0232144179747673,-0.015733366879076,0.0748835965472387,0.0656593026217583,0.0853636359497553,0,0,0,0.0138627980992462,0.0136375339198375,0.0140792270346587
210,50,250000,250000,250000,42175.34,40891.22,43484.42,0,0,0,4616.52,4579.92,4650.32,0,0,0,666.84,652.24,681.3,306.34,300.18,312.98,0,0,0,-0.0212826578664241,-0.0251913536332601,-0.0174015047427134,0.0537966814042722,0.0407589747372534,0.0674378715531345,0,0,0,0.0150965143204231,0.0148622268220429,0.0153326179143678
220,50,250000,250000,250000,45673.34,44329.08,47142.42,0,0,0,4523.94,4483.58,4564.94,0,0,0,684.04,670.96,697.6,322.46,316.06,328.66,0,0,0,-0.0200828085291927,-0.024132218267331,-0.016041642411314,0.053823890565927,0.0428663919621164,0.064051274864226,0,0,0,0.0158649903398523,0.0156456338432159,0.0160930016070629
230,50,250000,250000,250000,49802.88,48322.36,51416.32,0,0,0,4420.62,4380.82,4465.44,0,0,0,712.54,700.96,723.1,336.3,330.1,342.7,0,0,0,-0.0227655791975977,-0.0265921054459543,-0.0192120795448113,0.0437765214578932,0.0335792617346369,0.0541838857669258,0,0,0,0.0169313371074968,0.0166867767929146,0.0171558707135132
240,50,250000,250000,250000,53892.98,52129.88,55604.9,0,0,0,4308.4,4262.82,4353.54,0,0,0,734.18,721.82,746.24,345.02,340.3,350,0,0,0,-0.0254682138186113,-0.0291866241557775,-0.0220206136977599,0.0274596967708156,0.018035698086744,0.0372474726781305,0,0,0,0.0179345202598122,0.0176758520531234,0.0181914052290641
250,50,250000,250000,250000,58242.02,56231.16,60164.6,0,0,0,4210.94,4161.74,4261.94,0,0,0,734.14,725.2,742.2,351.42,347.44,355.62,0,0,0,-0.0226777595952512,-0.026332590391679,-0.018898380575678,0.0196671143959692,0.00953330471262539,0.0296505407848354,0,0,0,0.0184270783176828,0.018193196533337,0.0186324812183219
260,50,250000,250000,250000,62296.44,60281.98,64372.08,0,0,0,4096.44,4047.4,4146.84,0,0,0,735.62,726.28,745.22,353.42,349.16,357.7,0,0,0,-0.0271308582751719,-0.0312443679189839,-0.0228308704515606,0.00618741047011218,-0.0036012924198458,0.0150442673981942,0,0,0,0.0189232888433613,0.0186669991649132,0.0191456386670679
270,50,250000,250000,250000,66692.02,64771.66,68560.96,0,0,0,4026.4,3982.36,4068.54,0,0,0,722.52,714.4,732.48,356.02,352.42,359.62,0,0,0,-0.0169364127361533,-0.0203909556401993,-0.0131166319782649,0.00842027234478037,-0.00234145115292947,0.0192087223811127,0,0,0,0.0191156801460568,0.0188864472447011,0.0193440979786799
280,50,250000,250000,250000,69407.96,67418.74,71220.84,0,0,0,3936.84,3892.96,3977.96,0,0,0,720.58,708.2,731.92,349.5,344.8,354.08,0,0,0,-0.0220411296556747,-0.026094912275453,-0.0179172963068146,-0.0183168114080548,-0.026674850641127,-0.0102601545260588,0,0,0,0.0194001161037883,0.0191608043680232,0.0196133001369261
290,50,250000,250000,250000,72956.98,71051.14,74555.7,0,0,0,3887.24,3843.48,3928.2,0,0,0,690.46,677.4,703.2,341.64,336.36,346.24,0,0,0,-0.0125149252438063,-0.0159047650857512,-0.00906300082323325,-0.0220274359044096,-0.0314504404443962,-0.0132828903542538,0,0,0,0.0189834260274089,0.018733917829293,0.0192279278021348
300,50,250000,250000,250000,74651.72,72920.14,76321.52,0,0,0,3841.6,3808.38,3878.34,0,0,0,677.9,663.2,690.96,332.12,326.08,337.4,0,0,0,-0.0113383609228638,-0.0160083252654303,-0.00703761307003775,-0.0282654286366909,-0.0373945188585894,-0.0189277318408815,0,0,0,0.0188548579689337,0.018640370309682,0.019073011268003
310,50,245399.3,245358.88,245441.34,76322.76,74913.1,77666.82,77.52,75.94,79.12,3819.7,3787.14,3852.46,16.38,15.54,17.24,652.08,636.62,666.26,327.76,321.58,333.98,0,0,0,-0.00553243077492358,-0.00993149459737103,-0.000835325951457715,-0.0130229114348697,-0.0212955974199404,-0.00485544332087657,0.0159218495490114,0.0146700846240154,0.0171231148863857,0.018323576162089,0.0180899161478603,0.0185610124919136
320,50,246424.16,246339.74,246516.4,77014.04,75602.92,78417.28,84.74,81.92,87.6,3803.4,3766.48,3838.4,12.26,11.44,13.06,640.84,627.66,653.7,321.9,315.28,328.96,0.0936854997149432,0.0623336519189772,0.12338938162818,-0.0042508618509178,-0.00928108402597986,0.000703582763448912,-0.0175545414271466,-0.0269555107855522,-0.00738279915402017,0.0171143065843922,0.0157928008791214,0.0183752720413952,0.018102071325684,0.0178749462665372,0.0183454522638137
330,50,246077.06,245934.92,246216.62,77606.62,75958.7,79195.38,94,90.76,97.5,3786.48,3749.78,3824.24,13.92,12.68,15.12,632.14,618.84,644.9,316.46,309.68,323.18,0.113723221833409,0.0870388668140494,0.140295314886829,-0.00428189764067353,-0.00982950779964889,0.000497361479906128,-0.0163649764103506,-0.0272446697360543,-0.00598182365640827,0.017859887836994,0.0166020535369744,0.0191265930408431,0.0179260445013098,0.0176837575652213,0.0181626759781911
340,50,245678.78,245520.08,245820.5,78008.4,76299.38,79663.66,103.62,99.64,107.56,3799.62,3754.58,3842.5,15.54,14.28,16.66,615.92,601.46,629.44,309.06,302.72,315.52,0.10401947068595,0.0757420606834519,0.134474152117993,0.00333166033893007,-0.00156686902547016,0.00828757482843825,-0.0225994025753192,-0.0305836605506784,-0.0151517573866133,0.0179122440230465,0.0167198515093161,0.0190865138423018,0.0175379189334738,0.0172895739951073,0.0177716768990886
350,50,245221.82,245029.68,245414.8,77249.82,75282.52,79264.32,114.24,108.94,119.26,3828.52,3776.24,3877.32,16.58,15.5,17.64,604.44,592.48,618.2,302.9,297.38,308.4,0.102796300210502,0.0754331116259218,0.129107260158442,0.00754358793303357,0.00221670130045197,0.0127586855729584,-0.018716983639594,-0.0283108419006152,-0.00887583603547225,0.0173343707974584,0.0160949862450767,0.0184671180995481,0.0171176841618571,0.0168943680961242,0.0173411466451405
360,50,244689.74,244420.94,244948.04,76015.68,73913.38,78081.46,131.14,124.52,137.44,3859.36,3807.08,3908.84,17.08,16.04,18.14,591.96,581.22,602.24,300.3,295.2,305.12,0.147896709338127,0.130723698479378,0.164197800466501,0.00815016078905422,0.00357218113455676,0.0124280513908869,-0.0075741003602715,-0.0183060606115322,0.00318322793859186,0.0163530931510835,0.0152806735360325,0.0174358263336925,0.0166134560230347,0.016398463106222,0.0168404666647523
370,50,243946.9,243639.7,244228.24,74458.86,72117.82,76558.94,146,138.4,153.4,3891.7,3836.34,3940.18,20.3,18.92,21.62,594.42,583.3,605.6,297.88,292.58,302.9,0.111477689912351,0.0913223489725458,0.12965492694367,0.00849161160946543,0.00481530944562334,0.0120778687361554,-0.00728607695735662,-0.0161578911954744,0.00134754165809344,0.0167386602051049,0.0157901098613712,0.0177150714364479,0.0165376071522354,0.0163287367963394,0.0167381548376696
380,50,243238.48,242851.76,243617.72,73082,71080.4,75244.78,166.3,157.46,175.16,3927.86,3872.68,3985.18,23.3,21.68,24.82,584.56,572.32,597.8,297.6,291.96,302.78,0.138989738180617,0.114922345922663,0.162919838294119,0.00947804521178931,0.00462349498774024,0.0140107534471924,-0.000631897236476342,-0.0108291732604499,0.00943233581082671,0.0174200261112611,0.0164579486658052,0.0184295863620141,0.0160937820383974,0.0158805369812249,0.016304219505235
390,50,242292.82,241857.54,242742.1,71717.84,69377.2,73805.52,187.68,176.74,198.28,3959.54,3913.66,4006.64,24.88,22.8,26.96,592.86,579.48,604.72,296.16,290.74,301.16,0.130423735279403,0.111049346403069,0.150078466466255,0.00840552544010638,0.00424620989170213,0.0126437324745074,-0.00401034168905935,-0.0142099122488714,0.00599095496118667,0.0159661410407619,0.015015847535636,0.0169570448503363,0.0161692538581078,0.0159463356814012,0.0163888819778273
400,50,241346.42,240756.8,241847.94,70170.82,68324.62,71980.16,211.7,200.28,223.82,4008.04,3963.2,4054.22,28.52,26.78,30.2,590.5,578.7,602.42,298.72,292.7,304.84,0.132028650330195,0.11247311547543,0.153967245617924,0.0124761266406986,0.00882534623127939,0.0162391294012055,0.0086860562123017,-0.00268078213239265,0.0189865099582071,0.0164833793087709,0.0156197333571635,0.0174183386909355,0.0159565463450499,0.0157199413399286,0.0161691765247707
410,50,240143.42,239575.3,240691.58,68472.8,66790.46,70286.24,242.7,226.4,256.48,4044.58,4001.86,4083.84,30.62,28.3,32.78,601.62,588.18,614.3,302.36,295.52,308.1,0.145275682556382,0.125527416702748,0.166432311477193,0.00939916198369821,0.00523341100173406,0.0135808118887811,0.0124446109635744,0.00535100916431714,0.0201617811395536,0.0154959146806512,0.0147152326663658,0.0163309447950709,0.0160589194849111,0.015851116842335,0.0162559822928691
420,50,238705.68,238010.6,239312.04,67092.9,65631.44,68563.94,275.96,260.88,291.1,4052.74,4010.78,4092.4,36.3,33.18,39.36,612.46,597.6,625.72,307.68,300.78,314.4,0.142259619793115,0.123666494224188,0.160194010032948,0.00225374451982394,-0.00296257721437174,0.0071322315986992,0.0177547238525552,0.00683743898218619,0.0294348402625688,0.0158536291740352,0.0151175556345575,0.0166411190289326,0.0162091722583976,0.0160058774316512,0.0164358290365696
430,50,237244.3,236469.26,237998.62,66915.36,65306.78,68391.3,312.68,295.04,331.56,4063.36,4028.98,4101.8,42.16,38.74,45.82,620.46,604.34,634.8,316.52,309.54,324.34,0.132912577953982,0.114564444505372,0.15056210965598,0.00275975344392862,-0.00153786100846055,0.00687990857455643,0.0286804236252944,0.0200489817505669,0.0374512881746755,0.0162871959733867,0.0155506675093623,0.0170593693538269,0.0164114169455252,0.0161640584145484,0.0166601029055604
440,50,235575.18,234698.78,236428.68,66435.08,64748.24,68026.28,351.98,330.7,374.02,4054.64,4011.86,4092.32,49.36,45.24,53.78,634.58,618.52,649.98,321.84,312.82,329.1,0.127188956214766,0.10995282977313,0.143506310065029,-0.00210836415085902,-0.006295609392295,0.00182281452358096,0.0169881117231738,0.00953850191382484,0.0242185837345359,0.016905027481142,0.0162067066921574,0.0175746430069028,0.0167753016844295,0.0164983250151536,0.0170191988840952
450,50,233804.48,232851.94,234806.36,67117.72,65362.54,68859.48,391.96,367.72,417.86,4049.44,4002.96,4094.32,56.02,52.12,59.7,643.38,628.24,657.94,332.44,324.16,340.1,0.113775054047694,0.102166942033708,0.126087045098085,-0.00135162902023173,-0.00627744863101148,0.00365911169492015,0.0337840601691912,0.024716664653843,0.0430757792437551,0.0171915976917984,0.0164581872492249,0.0179179581012969,0.0170820825342295,0.0168237398595172,0.0173309792115972
460,50,231918.14,230888.3,232903.18,67696.2,65706.76,69410.96,439.16,413.02,463.82,4025.12,3971.64,4075.78,64.26,59.68,69.06,660.24,646.74,673.98,343.5,335.28,351.32,0.122191719471239,0.109204888905185,0.135923636120816,-0.00600725218280763,-0.0107080150178929,-0.00109162463340372,0.0343108995661061,0.0227403859211852,0.0447708233806226,0.017745578789666,0.0171199508759598,0.01843451271631,0.0175895061046864,0.0173417163587336,0.0178246367328188
470,50,229853.22,228674.08,230916,68868.44,66776.06,70916.64,488.32,462.1,515.34,3996.96,3944.64,4055.86,74.54,69.14,79.94,671.86,659.38,684.08,354.2,347.2,361.22,0.11176445114274,0.0970192022053901,0.125334339952936,-0.00708486669382572,-0.0107705201713034,-0.00318950117568291,0.0324817616230181,0.0236776477195677,0.0421792215426885,0.0183470240538569,0.0177199010173676,0.0189368924480069,0.0180517309135843,0.0178173115924507,0.0182978109069637
480,50,227702.42,226351.5,228927.32,70310.94,68099.3,72474.72,538.4,508.32,568.3,3942.52,3885.52,4001.8,85.26,78.48,92.18,688.24,677.16,699.74,363.62,356.64,370.64,0.10525061516903,0.0942486063358861,0.117072501444027,-0.013634392367553,-0.0183058231341417,-0.00927284257828778,0.0275775369372289,0.0175563147765611,0.0382804958443891,0.0188674011860542,0.0182274474960496,0.0194941921062823,0.0186502919302785,0.0183891420080594,0.0189158568632008
490,50,225311.42,223988.24,226665.44,72805.62,70498.6,74943.84,591.48,557.28,623.4,3885.98,3832.04,3943.78,94.38,87.8,101,692.22,678.42,704.74,375.02,367.84,382.7,0.0982854779260957,0.0856168664782515,0.108943014546007,-0.0142261995775016,-0.0190744713231919,-0.00922891911627835,0.031879656175914,0.0209289365078243,0.0419844207176358,0.0190029319784933,0.0184769083669568,0.0195308939172239,0.0190559402380898,0.0187713417592601,0.0193013332357199
500,50,223135.4,221495.18,224606.58,75529.88,72987.72,78065.38,643.4,608.34,677.6,3803.88,3746.16,3858.8,110.7,102.98,119,707.54,694.9,720.24,386.34,378.26,394.2,0.0893515866180028,0.0785901637238234,0.0988312168348268,-0.0211935621278354,-0.0259170908905959,-0.0166608424144493,0.0304818427422738,0.021797583913379,0.0404478171809043,0.0203123799039663,0.0197288435635511,0.0208754901088949,0.019814067240184,0.0195344817798775,0.0200865989024575
510,50,220743.62,219051.9,222344.3,79360.58,76733.8,81862.04,701.34,661.94,743.7,3713.5,3653.2,3774.52,120.36,112.06,128.34,715.58,704.76,726.62,396.02,387.28,405.2,0.0907116740591908,0.079117470986523,0.10209814283978,-0.0238598930555813,-0.028142463698889,-0.0195540657372407,0.02516468250483,0.0138513826645664,0.0376091054720332,0.0203679965812634,0.0198205794088477,0.0208639843460728,0.0205444810209932,0.0202617224303839,0.0208101810648201
520,50,218262.2,216561.58,219945.68,83375.46,80838.82,86082.54,753.54,711.48,795.98,3623.82,3555.96,3692.18,137.02,126.78,147.36,716.7,702,731.16,409.18,400.62,418.04,0.0757767463595991,0.0637974943898571,0.0877048229223957,-0.0243314191123147,-0.0294895153957956,-0.0199039624484746,0.0344281171283918,0.0204594154974222,0.0478151418051903,0.0213189547404293,0.0207457505026624,0.0218694484735008,0.0211065616434665,0.0208062727080263,0.0213869424664063
530,50,215927.04,213980.92,217812,87494.44,84716.78,90250.5,810.36,760.42,857.24,3515.62,3450.92,3577.96,150.5,140.28,160.1,723.4,706.66,739.12,415.2,404.8,424.96,0.0762842382331902,0.0667107913636903,0.086813295386791,-0.0299235828469673,-0.0349334113215552,-0.0251110609044871,0.0147481675057351,0.00505036423634772,0.0242677665416587,0.0218123393726285,0.0212635538578043,0.0223440906498606,0.0219007674827117,0.0215924734185075,0.0221756074963957
540,50,213480.66,211571.02,215423.62,92458.34,89564.74,95403.22,863.38,820.02,908.14,3403.98,3333.12,3469.62,165.78,152.78,178.42,714.3,696.1,735.54,421.82,409.36,433.6,0.0703483238578244,0.0582487298158925,0.082099355319957,-0.0317238307283848,-0.0369963306573396,-0.0267418263701243,0.0157328832416356,0.00528060825010649,0.0256250253760265,0.0222624478068809,0.0217431481529417,0.022781136542802,0.0223337961496453,0.0220290352574984,0.0226276288738602
550,50,211122.86,209064.44,213031.32,97224.92,93976,100336.5,922.82,875,967.48,3279,3212.96,3349.38,177.62,165.72,189.08,700.42,680.8,718.58,421.9,410.54,434.46,0.0718283609301827,0.0610582016151156,0.0834040466376008,-0.0367332725870876,-0.042490742732726,-0.0308971353497987,0.000500850582239222,-0.00968254847408096,0.0109983810086623,0.0224684547292737,0.0219323754572152,0.0229966523867658,0.0226515014312552,0.0223098445123785,0.0229736228794656
560,50,208456.74,206514.66,210381.48,102501.14,99606.5,105533.56,979.74,933.16,1026.04,3177.86,3108.36,3252.38,192.34,180.74,204.56,678.54,658.6,696.06,421.86,409.94,434.22,0.0634349611761967,0.0539233252863321,0.0725893529313701,-0.0309150654503145,-0.0378191350577942,-0.024891603081148,0.000209239011819492,-0.0105493841601498,0.010664299637211,0.0229739429732386,0.0224641021860944,0.0234691256078438,0.0228072073174963,0.0225091028655811,0.0231090101125609
570,50,205962.24,203992.2,208010.5,107230.8,104215.3,110437.64,1034.54,987.9,1079.46,3075.9,2998.6,3153,206.8,194.82,218.94,664.7,643.7,684.5,420.98,409.88,432.94,0.0574210676569658,0.0471707107906775,0.0667940938341444,-0.0326048481472718,-0.0394545591907226,-0.0259856476320035,-0.00105880938338161,-0.010829423458884,0.00877739111670713,0.0232512787840017,0.022739949845691,0.023711528367961,0.0231054343000562,0.0227435135525026,0.0234324787684079
580,50,203403.36,201253.04,205307.88,111374.88,107709.04,114979.88,1106.3,1053.78,1155.26,2978.32,2898.1,3059.98,212.08,199.04,226.26,640.48,621.1,659.32,419.84,408.46,431.26,0.0703870833795451,0.0608920342823361,0.0794083583198785,-0.0323972350518737,-0.040692294333874,-0.0261618158198096,-0.00175193849007193,-0.0122861468554047,0.00749599323855341,0.022463172865567,0.0219469815161116,0.0229852315559159,0.0230190716374421,0.0226970422058727,0.0233695752973509
590,50,200173.02,197921.8,202270.44,115887.58,112414.88,119700.04,1175.94,1124.02,1221.34,2888.54,2804.38,2967.46,230.18,216.88,242.68,615,595.16,634.7,414.18,402.74,426.08,0.063919905609776,0.0539193699514738,0.0733715667026366,-0.0306777303859023,-0.0375101022331629,-0.0238595798542041,-0.012966157232066,-0.0234065605732752,-0.00130488148965318,0.022966427706563,0.0224755215058631,0.0234353783355254,0.022801502573459,0.0224229936949809,0.0231703475610633
600,50,196938.38,194529.1,199277.64,119467.72,115840.84,123213.44,1253.56,1193.36,1312.34,2806.6,2719.4,2887.12,243.82,231.46,257.98,593.24,572.32,613.44,406.08,395.8,417.14,0.06545605583584,0.055424970528731,0.0745824965811459,-0.0285420868450161,-0.0353326997419447,-0.0221449739378319,-0.0185303199124906,-0.0290622839864654,-0.00924682383723348,0.0229399833432226,0.0224611165494918,0.0234374430309547,0.0226602295546462,0.0223355470618204,0.0229770573434237
610,50,193234.88,190530.6,195776.26,122939,119092.4,126863.84,1345.22,1284.22,1402.4,2749.82,2666.9,2829.42,251.76,238.06,266.18,564,543.66,584.14,400.14,389.5,411.36,0.0735479947137679,0.064702507819484,0.0828263617300193,-0.0202099410971722,-0.02632313726698,-0.0140680609543055,-0.013658567778612,-0.0247878742426524,-0.0022611578681188,0.0220876023797148,0.0216805321053458,0.0224831857554503,0.022110978623658,0.0217680811834515,0.0224507646447135
620,50,188998.58,186395.84,191529.34,125532.28,121705.48,129171.6,1452.36,1388.9,1515.72,2692.1,2605.68,2775.8,265.34,251.1,279.42,547.92,526.2,568.34,395.8,384.32,407,0.0802128884931819,0.0709807625943155,0.0906383514869278,-0.0212641345981969,-0.026815979883252,-0.0153344414728605,-0.0105393855627086,-0.0234599442206104,0.0010419426053017,0.0216979223577342,0.0212434025920914,0.022163832609236,0.0218735300714382,0.0215182316984192,0.0221846738159308
630,50,184273.1,180973.32,187431.82,128017.26,123937.28,132055.54,1563,1482.06,1636.58,2649.32,2557.22,2737.2,288.78,272.96,303.68,528.12,506.24,550.54,395.12,382.22,408.3,0.075095382100714,0.0675229548716541,0.0821270392597922,-0.0157662024508212,-0.0221347894161498,-0.0101945395859872,-0.00229683448485129,-0.0169091104567004,0.00988817464841614,0.0218623961920303,0.0214160562292277,0.0222578048490189,0.0214923585327596,0.021188209120262,0.0218642152089669
640,50,179016.24,175521.64,182477.48,129762.36,125949.32,133657.3,1691.36,1607.34,1771.38,2602.34,2513.14,2690.5,302.8,284.8,319.44,517.58,492.72,540.34,396.5,381.5,409.24,0.0818769481486338,0.0727730351799294,0.0911135150157437,-0.0171948547488599,-0.0252680145253201,-0.00940467677392241,0.00339110969612007,-0.00942031178317466,0.0150170473673168,0.0212854521778478,0.0208504542388496,0.0217021936250836,0.0213697619688907,0.0210280014975161,0.0216986169882427
650,50,173137.6,169194.24,176847.54,131830.84,128013.18,135501.26,1833.78,1738.44,1924.98,2562.18,2472.58,2639.86,327.2,307.08,346.12,507.08,482.36,529.62,398.86,382.66,413.64,0.0829154753655212,0.0725427231559039,0.0930267078609375,-0.0155296711356486,-0.0232063550326872,-0.00813015908987367,0.00532843322874147,-0.00772210750327693,0.0170660199209805,0.0212484439994634,0.0208160346085202,0.0216746656277237,0.0213143834354048,0.0209341144292603,0.0216812392278236
660,50,166773.62,162313.54,171308.16,133653.26,129969.1,137699.78,1985.64,1876.38,2090.9,2526.38,2436.8,2599.42,356.86,334.72,381.02,498.64,470.3,524.04,407.38,391.02,422.9,0.0832921727311535,0.0747698001873012,0.0928128864862407,-0.0133942543518513,-0.0219119965338298,-0.00500597287709543,0.0207573142791121,0.00847003191637998,0.0323852582652059,0.0213778921558102,0.0209590602329296,0.0217996194849986,0.0212570194844203,0.020880431383296,0.0216303718351936
670,50,159911.46,155318.62,164617.78,135478,131774.34,139277.44,2147.6,2035.44,2279.1,2482.36,2395.16,2563.3,390.28,365.86,415.1,495.26,471.1,519.68,419.7,401.5,435.98,0.0800455468444251,0.0675831591217188,0.0906790904346707,-0.0170655870450555,-0.0265849248114011,-0.00866064779374569,0.0295278300702858,0.0172910136767695,0.0398665725056574,0.0216072335261312,0.0211717080923804,0.0220211620402795,0.021468447651512,0.0211309033537898,0.0218503149449103
680,50,152794.64,147522.06,157895.34,137624.18,133790.58,141461.24,2313.82,2184.56,2442.54,2428.2,2350.26,2511.16,431.96,402.96,463.18,496.32,470.66,522.22,433.74,413.6,453.52,0.077817848871105,0.0676115511865819,0.0879162853036993,-0.021560946473907,-0.0305107882623529,-0.0120590586695754,0.0330775039191402,0.0180108605874467,0.0485945249336327,0.0220712454353757,0.0216531141733066,0.0225133457615229,0.0219459649183484,0.0215255600441893,0.0223421260744701
690,50,145623.2,139669.04,151198.38,140256.2,136486.22,144081.26,2472.98,2328,2609.9,2362.84,2274.22,2440.54,475.1,439.64,510.04,493.96,466.54,520.96,454.58,431.98,477.98,0.0696383964908709,0.0564590756619537,0.0822260828182712,-0.0270355937165915,-0.0365598555500499,-0.0178214182203436,0.046668611242342,0.0332999178895045,0.0612916825634227,0.0226039795979784,0.0221648898655965,0.0230172822432038,0.022409682920037,0.0219464168960748,0.0228286373466008
700,50,138943.42,132767.34,144927.44,143624.32,139537.36,147471.58,2629.98,2475.74,2784.58,2293.28,2199.34,2379.76,525.2,485.9,571.44,501.72,473.16,527.44,477.88,452.38,502.46,0.0642957835619394,0.052738677610118,0.076493576308553,-0.0299366487872321,-0.040730893577489,-0.0193468893971887,0.0512405791098997,0.0347666157498111,0.0668264685313374,0.0234301027567483,0.0228997312769335,0.0239103467929065,0.023563217281949,0.0230413776690216,0.0240631039706212
710,50,132455.48,125745.42,138590.7,147353.98,143304.22,151665.34,2758.62,2597.96,2920.5,2191.22,2107.12,2289.76,583.4,535.6,629.02,503.58,477.7,527.52,504.54,476.36,531.16,0.0513614907873241,0.038220500855158,0.0631985913707689,-0.0461562077039434,-0.0599490952206431,-0.0348475651062666,0.0558227441547749,0.0407120371031989,0.070464052870788,0.0245795871712748,0.0239950705163703,0.0250926449874934,0.0246034441229967,0.024065439062634,0.025130275209754
720,50,127635.18,120381.22,134202.98,152345.8,148055.9,156821.84,2849.26,2701.44,3005.62,2073.56,1970.22,2179.24,644.88,596.08,692.3,499.32,471.26,524.08,531.04,501.94,558.38,0.0353674521429438,0.0209158666985895,0.0491115613355777,-0.0566469530741133,-0.0714231027149958,-0.0438798128478956,0.0545904202088383,0.038580928337225,0.0710232943806728,0.0260816993557565,0.0255533640311234,0.0266275019766356,0.0257687563339239,0.0251623493728442,0.026327472735909
730,50,124242.68,117652.76,130513.24,158152.66,153111.84,163327.76,2917.38,2761.72,3085.36,1938,1822.26,2054.38,689.38,636.66,737.26,499.34,474.18,525.38,553.86,524.46,584.54,0.0246021584514575,0.00933190461582721,0.0386762390845412,-0.0698792843901674,-0.0835315957002432,-0.0570096600718887,0.0453595632492656,0.0275637129698612,0.0643523820812112,0.0271869576219513,0.0265815611821359,0.0278067580448817,0.0275376046356488,0.0269391615126408,0.0281534885990185
740,50,121888.32,114535,128665.46,164515.2,159313.16,169621.5,2940.78,2772.66,3106.92,1792.5,1663.46,1905.54,741.04,689.3,795.76,479.04,450.92,509.6,575.1,546.8,606.4,0.00899764331421281,-0.00733838156117046,0.0243693352129701,-0.0799868720194892,-0.095006712717585,-0.0651932682938157,0.0417912375330557,0.0209425037482746,0.0632151739839481,0.0287094692797454,0.0281426176538466,0.0292482908836315,0.028450209592005,0.0277778692233676,0.0290926792884693
750,50,121470.88,114425.06,127740.28,171256.72,165880.98,176492.06,2931.66,2783.16,3101.78,1635.88,1510.26,1748,782.54,727.8,843.08,462.94,432.64,493.88,593.94,563.2,627.22,-0.00123290095255315,-0.0162010171907314,0.012759104541961,-0.0921266728674543,-0.10702554916507,-0.0776071657282354,0.0327095584570093,0.0134805152146469,0.0508853027141314,0.0301717226267382,0.0295432018548903,0.0307740219490008,0.0298262778008691,0.0291275820206931,0.0304506641099756
760,50,122482.76,115357.4,129213.48,178711.72,173353.08,183756.46,2889.68,2729.36,3051.26,1464.34,1343.34,1584.04,808.06,750.22,872.02,445.1,407.44,480.48,600.22,565.22,635.78,-0.0128825343750275,-0.0286302637167659,0.00212975746690018,-0.110283018516007,-0.127400211055812,-0.0921240074579702,0.00989234411476953,-0.0128482037274788,0.0346866303708425,0.0314520768012224,0.0307955976776715,0.0320632725436584,0.0316478120637056,0.0309459796642159,0.0323540437942451
770,50,124586.24,118095.12,130829.56,186311.42,181615.24,191508.96,2842.36,2697.3,2995,1311.24,1195.8,1424.5,809.06,743.84,872.34,402.58,366.98,439.04,593.78,553.04,633.36,-0.0144664244932313,-0.0298769116256525,0.000378319105369643,-0.107614485727954,-0.125257435072281,-0.0908744694117785,-0.0131415657323015,-0.0390496358119645,0.0115985006903974,0.0319159690423455,0.0311801872414354,0.0326130138390362,0.0319194360197314,0.0310982711089329,0.0326364162863596
780,50,126335.78,119358.64,132833.92,193123.96,188129.1,197862.48,2796.22,2642.92,2964.76,1165.64,1057.58,1276.5,795.46,726.74,866.26,364.94,326.56,398.54,574.98,534.48,619.78,-0.0135809638936772,-0.0355461603570751,0.0060094210582193,-0.111282665127349,-0.129466481322063,-0.0934587771484014,-0.0342045253422983,-0.0587095309071218,-0.00920974569819706,0.0319119203876576,0.0311342289541881,0.0326630269997976,0.0321201427312588,0.0313384795359748,0.032864351349786
790,50,128107.1,121383.1,134453.64,199373.62,194190.52,203833.52,2761.76,2609.32,2915,1029.5,936.34,1128.12,774.44,701.92,847.04,324.16,286.72,359.66,550.74,509.28,595.96,-0.00993493052182321,-0.0303937636815747,0.00911344131510576,-0.116189895558021,-0.138728012204877,-0.0961155017215536,-0.043701932211373,-0.0664043743522328,-0.0202626353457401,0.0316219221633471,0.0308479552073401,0.0323999248968331,0.0320373677284684,0.0311361110454646,0.0328804227429607
800,50,129054.16,122629.36,135335.78,205123.44,200966.3,209301.68,2766.36,2609.38,2929.98,920.04,837.18,1018.9,738.78,676.36,810.66,277.12,245.1,309.94,519.06,473.92,569.94,0.00222171322165389,-0.0199570782698304,0.0223584845020681,-0.10411487266068,-0.130170536475471,-0.0829117967086321,-0.0621071414318739,-0.0875547261594132,-0.0366538433164768,0.0305040818613789,0.0296740946480497,0.0313259388666405,0.0307045990256794,0.029801805175749,0.0316832080340795
810,50,128040.76,121164.84,134716.16,209622.24,205322.94,213242.54,2793.86,2613.3,2966.78,834.98,752.22,918.08,708.16,634.72,774.52,236.26,207.46,264.66,481.52,432.58,529.62,0.00979741141565786,-0.0142085040891811,0.0315510921062846,-0.0892374100063055,-0.11427720576558,-0.0628314704204854,-0.0730419125218822,-0.0992064489054037,-0.0472180325272885,0.0292075003346313,0.0283263421582477,0.0300627493125961,0.0291596399688207,0.0281306665859981,0.0301276233383884
820,50,126089.62,118522.1,133088.16,213000.16,208715.68,216664.34,2875.48,2696.4,3073.02,772.54,697.98,857.6,668.2,598.38,732.98,201.62,174,226.44,441.62,398.32,484.9,0.0277135158334637,0.00479564224581229,0.0495120245704617,-0.0722818447290095,-0.0966563402249738,-0.0476616046485527,-0.0823186697902366,-0.107508593406173,-0.0569143436375955,0.0273008853146217,0.026416571902792,0.0282022767834641,0.0271637820979029,0.0262099987381522,0.0281463042332333
830,50,121615.14,112922.62,129536.68,215477.08,211740.52,218717.6,3015.02,2802.02,3236.2,731.46,660.26,813.36,628.2,567.24,687.88,172.68,149.58,199.04,408.5,367.06,450.46,0.0464378126026077,0.0237716913772694,0.0683362173658688,-0.0491112729268522,-0.0731558792674906,-0.0256178822575473,-0.074522654892737,-0.10696329278058,-0.0442571625570272,0.0248899583830729,0.024031111880948,0.0257194694693716,0.0247638923906176,0.0238558336891675,0.0257397872563527
840,50,114909.14,104627.58,123628.88,217068.42,213287.32,220311.46,3209.68,2973.32,3436.96,707.42,634.64,785.54,606.16,544.58,667.42,152.5,131.14,176.1,380.22,339.92,418.48,0.0647071510763772,0.0418408050277756,0.0855764896282769,-0.0316391240803599,-0.0577758214130455,-0.00658742021427041,-0.0668958279359955,-0.0991508204327606,-0.0348781232188306,0.0228214118100901,0.0219951082543934,0.0236548068829782,0.0231539853480245,0.022197860142738,0.0241213657467646
850,50,106195.18,95648.94,116614.74,217921.74,214465.4,220978.26,3428.02,3177.36,3685.88,695.42,626.9,771.92,596.46,533.56,655.52,135.36,116.16,159.02,363.52,325.5,401.9,0.0705319554466668,0.0515379320788652,0.0903776473952395,-0.0129674982294278,-0.033929655563172,0.00871753633777416,-0.0447725440395638,-0.082017915066457,-0.00887075925959406,0.0209268528791031,0.0202413733442558,0.0216016857243133,0.0208617457631457,0.0200498635504,0.0216999659512945
860,50,96521.46,85848.7,106768.24,218310.66,215070.48,221630.4,3656.46,3412.02,3910.08,688.62,617.68,762.14,611.4,546.12,677.7,127.94,108.1,155.08,355.7,318.92,397.9,0.0746771359401843,0.0548454319168071,0.0958747870228234,-0.0069992131826463,-0.0304267131921675,0.0178912299259373,-0.025410115279015,-0.0588752981976476,0.00653772253808025,0.0197771413573393,0.0191017195663201,0.0205157963689115,0.0198516557612805,0.0189666058552899,0.020732150448169
870,50,87055.08,77033.46,97553.92,218459.26,215463.7,221446.9,3900.84,3649.84,4153.78,689.08,614.8,750.34,634.4,555.64,711.3,122.22,99.86,146.68,359.28,318.68,401.14,0.0758210012191343,0.0554598887712802,0.0963108566160914,0.00963054200587871,-0.0157178046804259,0.0335991652893314,0.00362863152597919,-0.0307708005717895,0.0366594261516322,0.0190563317869468,0.0183559373523372,0.019765628078014,0.0187697971801605,0.0178796477091236,0.0196369249694363
880,50,77064.74,68516.5,86252.6,218529.02,215507.78,221453.46,4118.2,3892.52,4352.3,685.08,620.9,747.46,668.22,591.38,750.04,122.76,103.48,144.38,369.76,324.38,420.06,0.064880618148099,0.0432417732876101,0.0878267297093904,0.00216564647755255,-0.0211489009667729,0.0277412301080552,0.0262093036691896,-0.00542366125450474,0.0588453196205538,0.0188416549535435,0.0180902739756613,0.0196670188934732,0.0190037736262735,0.0181512175482499,0.0199262324645459
890,50,68542.78,59832.96,77850.88,218738.34,215724.36,221602.24,4315.26,4101.26,4525.24,681.98,614.06,747.52,709.26,628.7,803.04,122.06,102.38,141.4,387.8,338.86,438.76,0.0563211378830688,0.0344027059560416,0.0797738969681556,0.000128864021803387,-0.0262477566666519,0.0249622458659946,0.0521703228112148,0.0222346456719054,0.0793212120431356,0.0190081886058807,0.0182346391239943,0.0198355136276126,0.0192246571927409,0.018330511282749,0.0201877441365324
900,50,61516.58,53672,70121.22,218867.26,215515.26,221966.92,4457.66,4245.6,4649,679.54,616.18,749.28,765.54,679.98,844.48,122.76,103.48,140.76,408.14,360,458.36,0.0380229736168724,0.0149340839453892,0.0606752023975035,-0.00106026864584427,-0.0288067400456151,0.0260224868186333,0.0613920641016002,0.0383140584631879,0.0845736485792008,0.0199036383194047,0.0190714803140292,0.0207486134407021,0.0198807171103237,0.0188548535934848,0.0208667716029329
910,50,56543.1,48910.24,64875.66,219004.56,215768.84,222072.46,4536.22,4325.74,4738.2,677.76,605.3,751.36,810.72,713.4,899.78,123.72,105.2,140.28,431.8,384.46,480.8,0.0190243287421591,5.38752921851782e-05,0.0393229296526956,-0.00977765706500653,-0.0387637531879833,0.0200776186466488,0.072028003465225,0.0462684768373714,0.0975189847086956,0.0206596697303639,0.0197470461857922,0.0215295770891028,0.0207783794437793,0.0197165567352373,0.0218285267265933
920,50,54340.38,46371.06,62970.58,219240.46,215745.78,222488.7,4570.42,4346.86,4766.86,672.6,597.68,749.4,863.38,782.84,949.74,126.48,108.04,144.92,458.66,407.9,507.64,0.00841158917987388,-0.00890503693393135,0.0258326182673803,-0.011861622268827,-0.0400479300106531,0.0114065514959526,0.0807684948546335,0.0549473779669558,0.103589818329166,0.0218154357656849,0.0209772155936018,0.0226961992082863,0.0212191200116146,0.0201872920818846,0.0221170069723996
930,50,54383.6,45432.38,63543.9,219669.74,216222.84,222984.14,4526.76,4300.14,4739.64,657.86,581.64,738.96,920.42,829.82,1006.62,132.3,113.64,151.56,483.38,437.48,527.2,-0.00975692323046777,-0.0236224817627225,0.00582334400798203,-0.028002044567412,-0.0538690632769692,-0.00282386012182525,0.0767737787833232,0.0481385462043248,0.104727338508688,0.0233100792257524,0.0223415119115514,0.0242251554784035,0.022891581367219,0.0218964536026831,0.0238581004718614
940,50,56796.88,47521.68,65956.46,220326.2,216571.26,224108.94,4445.4,4193.56,4642.7,638.16,554.18,725.36,961.24,873.38,1043.6,136.38,118.08,155.74,512.12,464.4,559.26,-0.0177922240896605,-0.0320481605338447,-0.00206698714972169,-0.0447507689622683,-0.0718093795033842,-0.0177514202059217,0.069714992930809,0.043263725263395,0.0966333798253078,0.0246826498695166,0.0238048084297198,0.0255114925184798,0.0245504715419692,0.0234251278891611,0.0255820534829189
950,50,60524.16,51644.9,69838.94,221509.02,217282.04,225144.3,4325.84,4098.54,4538.62,606.14,517.26,698.22,995.56,911.84,1077.02,140.02,119.14,161.78,532.64,486.9,577.02,-0.0256475444689039,-0.0392946491679872,-0.00980427709967135,-0.0660753444889982,-0.0938337671210053,-0.0391397127674581,0.0556449144338052,0.0260839330225412,0.0841476158803645,0.0260859834931845,0.0251687920479777,0.0270008514161089,0.0263139194506715,0.0252367587901678,0.0274409957544787
960,50,65261.2,56458.76,74282.78,223128.26,218679.86,227370.76,4204.76,3963.26,4437.84,568.98,478.78,669.2,1025.8,939.34,1097.3,139.36,118.3,159.52,550.74,502.58,594.14,-0.027510206435905,-0.0423851989449253,-0.0127817376898508,-0.0828063323050898,-0.109153491710572,-0.0575591958241972,0.0486099468106966,0.0211552223546145,0.0771147869064036,0.0276918410206842,0.026755747415897,0.0285921113352875,0.0279509648246021,0.0268243569765053,0.0291374142727333
970,50,70179.36,61156.2,79132.06,224876.74,220100.84,229336.56,4084.9,3877.78,4305.36,527.66,432.64,635.7,1037.38,960.14,1110.78,134.22,113.54,157.16,560.54,514.74,602.66,-0.0277846428573081,-0.042607217092421,-0.0113150019978745,-0.0861078157253693,-0.108092382502906,-0.0621583139463572,0.0310296576192093,0.000648391644731421,0.0634039182293909,0.0287599495411062,0.0278570902062274,0.0296052930036683,0.0286381776944355,0.0275230073213806,0.0297255965548108
980,50,75100.3,66326.68,84618.5,226851.08,221719.34,231014.5,3964.72,3740.98,4178.12,484.2,394.1,597.7,1032.26,950.48,1106.6,129.92,108.38,153.72,561.72,516.3,603.18,-0.0279053700109026,-0.0412725063512265,-0.0122466239118637,-0.0994802434890218,-0.122420145230614,-0.0728954506743452,0.00800897224036149,-0.0209781185135955,0.03378333831979,0.0293326725137338,0.0285309104416453,0.0301562249684801,0.0299310300393342,0.0287575389534064,0.031052919019121
990,50,79678.8,70156.36,88584.92,228772.44,223899.22,233168.12,3864.44,3659.9,4066.14,446.06,349.94,575.76,1020.04,927.48,1098.38,120.18,99.76,143.7,557.56,512.08,599.64,-0.0229916583820239,-0.0399835560002374,-0.00661739339978487,-0.0964027528128282,-0.120290049052626,-0.0711699535004416,-0.00299476036179704,-0.0286963784643053,0.0227598481217458,0.0297830920994408,0.029010337761318,0.0307063735650945,0.030035285999349,0.0289646607750653,0.0312342020640905
1000,50,83772.92,74352.58,92393.12,230397.6,224724.66,234727.78,3767.84,3557.4,3980.22,406.82,302.22,534.9,1005.8,923.54,1087.12,109.04,89.46,131.02,545.08,500.58,589.04,-0.0216991653159153,-0.0390083904091898,-0.00383817954259222,-0.10446848781237,-0.129671404350849,-0.0774669441210099,-0.0183378106206393,-0.0444601826582516,0.00938450211299653,0.0300377141353294,0.0292189936016235,0.030902768473935,0.0296949730138787,0.0285173977755913,0.0308021972146181
1010,50,87317.62,78032.5,95376.74,232135.7,226077.82,236704.76,2937.1,2786.76,3101.9,374.26,273.7,511.58,967.04,881.02,1046.64,101.3,79.74,125.62,503.08,459.12,544.22,-0.219038432690266,-0.232614740029566,-0.205589766979138,-0.0868230246727553,-0.113293316426851,-0.0633718513003447,-0.074319954157946,-0.100883219422471,-0.0503978029824761,0.0296326351828202,0.0287684773126404,0.0304136746263383,0.0292814604433963,0.0281144297630645,0.0304462604196436
1020,50,120219.74,112529.2,127588.6,233545.14,226644.7,237995.16,2374.9,2213.84,2530.46,342.2,245.18,487.84,732.86,668.34,791.68,93.48,69.04,118.14,422.6,386.38,461.08,-0.194002762094654,-0.212324036498403,-0.176958752596221,-0.081337820995807,-0.110035238167843,-0.0524131062543047,-0.157150799350363,-0.181063301709298,-0.131350478106036,0.0287894887686215,0.0279051052199855,0.0296242537126104,0.0282998568103171,0.0269992397277788,0.0294656815350687
1030,50,143310.28,135761.82,150737.4,234804.8,228503.64,239015.54,1990.48,1846.72,2145.9,320.58,230.2,437.38,519.96,477.16,564.6,78.58,55.28,107.14,326.36,294.7,358.26,-0.164762862944986,-0.182029013728553,-0.14773973760684,-0.0544581058332504,-0.0780717180873487,-0.0273380333144571,-0.22370938833545,-0.250787396991091,-0.19572563879657,0.0250158903022158,0.0242848123032492,0.0257745952705122,0.0248228887668208,0.0236378914193412,0.0260018100608043
1040,50,158746.32,151198.24,164974.32,235567.16,229550.38,239300.12,1751.66,1610.1,1894.76,305.8,220.48,429.48,355.92,324.62,389.78,66.06,42.74,99.68,240.2,214.18,268.6,-0.123342378170619,-0.139487553739659,-0.108013294666233,-0.0255405704091399,-0.0493312678375649,-0.000726644937167989,-0.269040010883386,-0.295668437241419,-0.239765958165115,0.0200601049865631,0.0194393731302197,0.0206874560396136,0.0204681724947071,0.0194197089566182,0.02147474583773
1050,50,167941.62,161204.12,174252.1,235950.94,231379.82,239361.94,1614.1,1486.02,1745.42,310,231.98,418.04,237.44,208.34,268.8,52.78,31.24,84.24,168.78,146.18,197,-0.0790284562429693,-0.0943454822825237,-0.0653156679117338,0.0406320972695849,0.0153043194542902,0.0620672284765688,-0.309105008859505,-0.337844281212235,-0.276325697995786,0.0147279082668366,0.0141653649513573,0.0153034918422536,0.0153330554477028,0.0144132709493324,0.0162737916441805
1060,50,172888.56,166229.98,178859.22,235473.16,231206.84,238859.72,1556.54,1421.38,1698.58,328.54,261.32,418.02,159.74,137.1,185.96,41.7,21.62,69.32,113.86,93.52,139.04,-0.0352614791788255,-0.0504689603082055,-0.0225651905722735,0.10218680332172,0.0855349996781179,0.119930509990409,-0.351666519900967,-0.383959718732205,-0.318256398634067,0.0104017181981839,0.00988507787305925,0.0109048030999554,0.010245079313142,0.00957345131094856,0.0109399889148363
1070,50,174679.74,167944.74,180660.48,234383.18,230546.64,237198.12,1540.12,1415.1,1670.42,354.92,289.28,435.28,106.44,86,126.7,34.56,17.02,60.32,77.58,60.6,97.96,-0.00835158972526211,-0.0229847543695139,0.00316254864004205,0.117892218216966,0.0957477152124409,0.137039992683674,-0.354620889249474,-0.383529732062116,-0.322901990298686,0.00699750004665469,0.00657963513175321,0.00741556862041663,0.00750452656398283,0.00690400396600255,0.00813384258010774
1080,50,174632.56,168074.06,180194.38,232844.22,229519.24,235467.28,1559.6,1428.14,1691.76,399.92,336.7,469.86,73.06,57.44,89.28,24.98,11.78,42.42,52.22,38.02,68.94,0.0145081879126235,0.00226105252928141,0.0254402187132178,0.157593785988288,0.141491987719883,0.174761984928574,-0.377346729328155,-0.414364104524355,-0.341828457253244,0.00479501429647366,0.00439317787806246,0.00517774324977313,0.00485153566372902,0.00436178848631102,0.00537314759912429
1090,50,173226.98,166873.92,179189,230418.32,226847.02,233308.7,1610.64,1490.98,1729.92,458.88,395.76,535.6,49.46,36.96,63.58,19.46,9.78,33.26,36.82,25.1,49.64,0.0333498843119448,0.0219065342305415,0.0431155994958191,0.171402461317319,0.152837601220032,0.187633610113017,-0.353783740365824,-0.396245654879949,-0.312312177744731,0.00312851386737927,0.00280912275772817,0.00344709087958789,0.00329433602878326,0.00292778862891616,0.0036863079560912
1100,50,170420.52,163798.96,176280.92,227498.2,224058.92,230304.94,1675.2,1543.14,1810.64,538.4,467.22,614.58,38.1,26.34,50.26,14.16,6.38,24.24,26.86,17.92,36.98,0.0419869038591564,0.0332353369642253,0.0494532258433016,0.179663795911729,0.166812487212879,0.191759288096139,-0.338826292933445,-0.38093430288721,-0.294141173533805,0.00231870295634776,0.00205900478309533,0.00260571025441918,0.00212623004625374,0.00184542526816464,0.00240793753951448
1110,50,166968.96,160560.92,173421.48,223361.2,219221.84,226608.84,1757.56,1633.12,1887.64,637.18,558.28,725.66,28.28,19.4,40.04,13.56,6.5,21.68,20.76,13.4,29.54,0.0508176088956459,0.042215480454073,0.0584978691755191,0.193916223549404,0.182585919483447,0.204509101801547,-0.304496001786738,-0.362980830404637,-0.241605331999009,0.00164606722763774,0.00144062923619359,0.00186809380055672,0.0017299346993792,0.00149137384942613,0.00197290927711789
1120,50,162858.48,156470.88,168791.46,218478.22,214349.22,222268.94,1849.7,1720.56,1981.06,749.46,661.28,848.08,21.84,14.22,30.64,12.4,5.84,20.98,17.36,10.54,25.42,0.0542317697748063,0.047406956251688,0.0607440658107814,0.184983955746143,0.173810599482897,0.195812076177221,-0.197949915044767,-0.253818893452487,-0.146522016132764,0.00117152569967715,0.00102376997655376,0.0013443826444801,0.00134578193300582,0.00116910731043066,0.00152901959167693
1130,50,158105.52,152339.04,164456.32,212827.7,207862.7,217240.8,1944.7,1814.42,2084.24,894.4,785.94,1011.18,20.12,11.88,29.78,11.58,4.96,19.98,15.08,9.04,21.78,0.0548594031864538,0.0470095061633941,0.0629431631242839,0.201991601973799,0.191316585975949,0.211784706617822,-0.167927675102651,-0.222962243466887,-0.117093949446944,0.000973562036869902,0.000837749253446722,0.00110789292037297,0.0010813340849056,0.000906683008961309,0.00125636099719468
1140,50,153280.02,146733.84,159280.56,205492.34,200192.42,210723.64,2047.94,1918.56,2176.98,1069.06,941.52,1184.36,18.16,10.8,27.92,9.86,4.42,16.78,13.38,7.74,20.66,0.0548219463467924,0.0495818636627157,0.060239215933625,0.199502577982362,0.193553738831587,0.205727077359228,-0.151785526193789,-0.229944848395491,-0.0901396843602002,0.000861322812961792,0.000737995798402546,0.000980650768306894,0.000791867256970788,0.000670481772670628,0.000936153552038394
1150,50,148136.78,141378.58,154324.1,196807.04,190316.96,202260.36,2164.12,2014.82,2298.7,1285.42,1135.54,1449.98,16.1,9.44,24.08,11.44,5.44,19.58,12.72,7.2,19.2,0.0576244058386359,0.050650194044318,0.0636725139334895,0.205180751618801,0.197187286062839,0.213010291865027,-0.0769432937592829,-0.145576738941454,-0.0103386437033585,0.000753202919610893,0.000650563165029679,0.000874688045019353,0.000814154473562865,0.000695859646269419,0.000937676225184096
1160,50,142554.1,135460.26,149531.76,186030.6,178162.5,193280.62,2276.62,2123.28,2421.04,1543.26,1379.52,1715.02,14.92,8.36,22.78,13.3,5.92,23.38,12.92,7.06,20.74,0.0523099303062922,0.0467760625787256,0.0574253026222114,0.2048432965812,0.197265759963612,0.21225009929495,0.0917281166409052,-0.0215921868388709,0.248970588235294,0.000658314804436417,0.000559306880304742,0.000763294709602322,0.000754907779244056,0.000625275628636147,0.000896913457104057
1170,50,137040.54,130181.3,144074.32,173416.52,164376.18,181565.84,2403.64,2244.74,2541.74,1840.78,1644.94,2030.92,15.28,8.2,24.68,13.64,5.8,23.26,12.48,7.34,19.44,0.057078964998425,0.0519718349305168,0.0620314883969854,0.197697793234353,0.1908850951642,0.204594649938863,-0.0853646719668178,-0.182420114986257,0.00723628585756245,0.000649544880229859,0.000545075285936586,0.000760289736777248,0.000658256632029699,0.000538126572852949,0.000778837160198178
1180,50,130691.04,123473.04,138187.88,158748.96,148974.78,167704.9,2531.82,2376.64,2672.22,2206.64,1976.54,2447.12,15.06,8.42,24.06,15,6.5,25.78,13.36,7.42,20.84,0.0554513790746677,0.0488969941203379,0.0615803518891248,0.205960261063189,0.197828910346059,0.214419534890519,0.157926776558202,0.00327752714109917,0.355433085538889,0.000611814160247205,0.00050832353602616,0.000721019332972195,0.000632460451579543,0.000521840426465747,0.000753841006654613
1190,50,124689.94,117524.94,132138.44,141287.22,130467.7,150835.4,2660.68,2508.5,2813.22,2622.8,2371.54,2871.52,16.14,8.6,25.54,18.42,9.08,30.74,14.12,7.66,23.5,0.0536037419006289,0.0465780169477426,0.0602411481444598,0.195075210270659,0.186094790051771,0.202936454408446,-0.0515875830594733,-0.145557882854634,0.0328364541266359,0.000636331001870406,0.00053737895014226,0.000760963345535891,0.000673997970467364,0.000559112326659222,0.000797564601743457
1200,50,118453.46,111591.62,125578.3,122006.08,110959.9,132663.18,2792.58,2648.28,2941.22,3088.9,2798.66,3357.42,17.18,9.3,27.78,21.4,10.58,36.86,15.74,8.36,25.5,0.051055296513454,0.0448903372242281,0.0573552173378269,0.188179332828712,0.177058440074808,0.197946060268409,0.0949097998783063,0.0367924870226034,0.164997317161564,0.000658207367175563,0.000536935691761073,0.000785924779186987,0.000688036177676039,0.000578955313092439,0.000819591708445455
1210,50,112290.62,105166.12,119429.14,101157.86,89718.92,113850.72,2921.1,2767.52,3060.02,3574.56,3297.68,3849.32,19.82,10.96,30.88,24.86,12.78,41.04,18.54,9.8,29.86,0.0471400288682334,0.0409689900318734,0.0535346241321279,0.170630713935756,0.15584519021315,0.182086509755633,0.215879653825474,0.145497503468092,0.306769726480253,0.000749932651204307,0.000626377551569481,0.000896565042340019,0.000692287165677496,0.000569597009281485,0.00082985499397394
1220,50,106215.14,99236.82,114430.94,80982.48,70295.76,92153.84,3041.96,2880.52,3176.86,4051.06,3785.98,4298.8,22.22,11.64,35.3,33.28,16.26,55.72,21.38,11.16,34.04,0.0442921322579148,0.0373418272542468,0.0511233610882007,0.148909086805968,0.130850519277602,0.16520003355506,0.116280164490167,0.0294595869195891,0.193154390046069,0.000804463618275011,0.00065962285950396,0.000950760070231127,0.000840577199912534,0.000689291727115963,0.00100571200616747
1230,50,100855.44,94599.5,107571.18,62384.16,53001.9,72217.12,3149.16,2997.36,3289.54,4488.26,4265.78,4691.02,24.98,14.3,38.94,39.26,20.88,62.28,24.94,13.1,38.84,0.0366937236358087,0.0298663832035167,0.0436983455289012,0.122337002632173,0.104364073162416,0.140424653975694,0.158099983725369,0.0910502312031068,0.228908806441765,0.000911383132648091,0.000752697871213709,0.00109078078124838,0.00091405795674998,0.000750416751991107,0.00109609707912745
1240,50,95728.9,88594.36,103353.12,45918.36,38601.78,53589.54,3249.52,3090.92,3386.6,4865.14,4680.94,5040.78,28.32,16.48,43.86,48.66,24.8,76.54,29.58,16.62,46.36,0.0326467484445197,0.0250151838188254,0.0394223928941777,0.0951392573592437,0.0777435729844959,0.113275873803703,0.178229207330018,0.127896634097043,0.232610665891444,0.00101815075793117,0.0008381232317566,0.00121055007502076,0.00105964727858653,0.000865612501296985,0.00125445900749607
1250,50,91305.28,84783.74,99488.56,33977.2,28275.68,40464.5,3352.48,3192.6,3489.04,5144.72,5010.4,5266.22,32.32,17.56,49.56,58.2,32.52,92.1,34.58,18.92,55.02,0.0320922950145339,0.0242170378362379,0.0390344723080837,0.0646580366271678,0.0487439276315915,0.0799328354543164,0.208361282633241,0.128963881366573,0.300686706419399,0.00118295415457558,0.000975357115650321,0.00141116709086316,0.001209671095203,0.000999155005244938,0.00140591560015289
1260,50,87011.86,80333.84,94769.94,25866.96,21996.42,30122.86,3425.92,3263.84,3572.52,5303.7,5206.3,5385.82,38.54,22.68,57.22,68,37.62,104.28,42.08,23.48,67.26,0.0216600410478409,0.0111249081166499,0.0303886947496129,0.0350541183727504,0.0221630980579425,0.0494926552267316,0.204352260134794,0.145894556256272,0.264522554877255,0.00140794875277442,0.00115460903157876,0.00167740299412793,0.00138057749606242,0.00114315359872175,0.00163217620530778
1270,50,83796.12,77146.82,91655.78,21227.28,18828.86,24119.26,3492.14,3325.92,3637.18,5378.94,5311.16,5437.12,45.98,27.56,67.7,82.56,46.94,127.14,49.86,27.94,74.88,0.0178536030934485,0.00708144577424627,0.0271638348078481,0.0159135367747957,0.00543687128554415,0.0258048532901775,0.188200056563587,0.136560213811666,0.240994359215366,0.00171289976517381,0.0014257252612502,0.00205954861066371,0.00167594634364204,0.0013767730190603,0.00199552916378982
1280,50,81136.3,73663.98,89263.12,19380.42,17360.92,21783.42,3529.94,3354.46,3676,5419.6,5340.64,5474.24,52.84,34.02,75.82,101.3,58.54,154.96,59.16,35.36,88.2,0.00918178344301013,0.000157034606019019,0.0167586374594297,0.00788460935773176,4.30321023125542e-05,0.016089266186984,0.179809038510045,0.1440961235503,0.217320780504186,0.00198508121455487,0.00164639903728349,0.00235620368243843,0.00208108521849942,0.00173729695729665,0.00247680774985657
1290,50,79881,72253.88,89201.24,18709.64,16841.34,21568.64,3547.76,3353,3706.96,5424.92,5335.84,5488.52,64.7,41.56,90.92,116.66,70.26,174.62,69.9,42.54,104.1,0.00231641321135531,-0.00815827784985873,0.0105023425362579,0.000543967089954061,-0.0044663791718401,0.00537331082362312,0.192828773822488,0.149168374372703,0.235786485411098,0.00249173773237581,0.00210290564033064,0.00293184745520318,0.00242001672268015,0.00203077385701254,0.00282498184265686
1300,50,79290.32,71296.92,88642.7,18974.02,16516.9,22488.9,3571.08,3369,3746.58,5397.96,5284.42,5480.34,73.72,50.1,102.56,134.92,83.08,200.3,81.56,47.74,119.68,0.0030234331612874,-0.00848660247548644,0.0127931318147448,-0.0054851294359735,-0.0102141366333308,-0.00161781297040799,0.152953722916276,0.119158891247407,0.188182233239917,0.00281516577081006,0.00238319801941062,0.00323381467985118,0.00285175131278468,0.00239139060715652,0.00331766167579479
1310,50,78787.2,70671.24,89287.78,19875.5,17044.48,23910.26,3567.08,3338.84,3747.96,5375.04,5261.18,5464.38,88.18,59.28,117.84,154.2,96.36,217.18,95.96,61.32,136.94,-0.00746707013608408,-0.022125736712242,0.00387021791628085,-0.00496294836981797,-0.0106748337271765,-0.000284855090155346,0.198492348378817,0.159234519628023,0.236989191408146,0.00347884680851081,0.00296124632875997,0.00401850141330058,0.00330740540262426,0.00285203826769679,0.00385346342190781
1320,50,79291.72,70290.28,90341.06,21240.52,17769.52,25803.5,3544.72,3296.78,3733.9,5321.48,5188.46,5425.08,100.66,68.24,133.14,184.54,121.4,251.08,110.72,76.3,151.96,-0.0132718899786361,-0.0268112195885578,-0.00223264301705869,-0.010974601948301,-0.0155943504648928,-0.00647303900788498,0.167661539094481,0.133271450599594,0.20319486406507,0.00404841742532201,0.0035087210839849,0.00461939400852676,0.00402321327931861,0.00343773661904787,0.00464125007800496
1330,50,81090.8,71419.46,92504.12,22561.72,18559.42,27372.08,3500.38,3233.76,3714.8,5290.2,5133.12,5410.06,116.12,81.44,154.76,209.4,139.68,281.12,128.6,85.92,173.62,-0.0212799678880781,-0.0357225270771245,-0.00825226834284388,-0.00697881836258433,-0.0122465038693223,-0.00198513346395031,0.183646907925232,0.145474604260211,0.226397766839059,0.00475383368244272,0.00411798251325068,0.00533562592606719,0.00465649433895626,0.00408341521064724,0.00523393995670645
1340,50,83337.32,72553.14,96300.06,24156.32,19677.78,30361.14,3438.04,3166.3,3662.3,5230.78,5053.98,5368.84,128.7,92.4,168.28,240.12,162.38,319.22,146.9,101.28,187.8,-0.0283013907648165,-0.0436159232365348,-0.0157515581014371,-0.0126604240888983,-0.0191386145496801,-0.0071564673376547,0.164676719569194,0.125780069909282,0.206616982639052,0.00545043390530247,0.00477757272717347,0.00619179932688497,0.00542440489900887,0.00472496147785861,0.00608142873451129
1350,50,86386.54,74657.2,100208.08,26490.8,20870.4,33248.7,3379.06,3082.02,3634.82,5167.2,4972.02,5328.7,145.36,105.56,184.22,270,193.06,360.14,165.44,119.26,219.5,-0.0300708004504114,-0.0463681888467546,-0.0153980067140166,-0.0141097396488165,-0.0226198370949897,-0.00735537315005457,0.145226548109281,0.10843215169191,0.181673679181582,0.00639376736488419,0.00565020691738341,0.00713705724300926,0.00626917170751519,0.00555242675496284,0.007036895251004
1360,50,89767.9,76868.68,104202.08,29117.4,23156.14,37086.48,3299.02,2983.16,3581.62,5083.6,4889.32,5269.44,155.18,116.02,195.9,303.28,217.98,391.1,186.34,135.58,246.18,-0.0397707875803585,-0.0600989262809206,-0.0220629597414099,-0.0184095416367648,-0.0281888601562185,-0.0102288425575764,0.146054620902632,0.110637292446038,0.182177270611961,0.00727862289788598,0.0063821862623948,0.0081569883415802,0.00723772928209415,0.00649864442593562,0.00801510472247956
1370,50,93781.24,80180.38,110194.24,32117.34,24511.84,40281.8,3204.2,2860.78,3500.42,5010.22,4775.34,5219.16,169.48,130,213.62,334.88,245.86,425.26,206.22,156.06,261.36,-0.0484568669544552,-0.0704890448122045,-0.0309075447502448,-0.0172329856638926,-0.0269594228768713,-0.00816447463203213,0.143274379004681,0.106248583030937,0.179639909944888,0.00827692425275209,0.00731627314186517,0.00916256048799837,0.00829076258133304,0.00738674327412312,0.00913664347789898
1380,50,98605.9,85220.78,114020.32,35256.7,27091.52,44176.86,3105.02,2775.08,3428.16,4911.78,4655.14,5136.04,182.36,141.22,222.92,367.3,279.62,460.34,226.18,172.1,286.56,-0.0512885358102024,-0.0710797525695774,-0.032474667543502,-0.0230361393266806,-0.0353576369638021,-0.0122869954995964,0.135701413109876,0.0961643768488486,0.175595909294226,0.00926368832248997,0.00831687972659682,0.01021271131446,0.00934333932397495,0.00843264439280421,0.010287355435246
1390,50,103963.46,88864.94,121494,39007.22,30099.76,49053.68,2971.68,2615.48,3283.82,4815.24,4521.74,5074.82,204.92,159.6,251.54,396.18,308.06,491.94,245.76,188.14,302.14,-0.0662407793901995,-0.0889450899481617,-0.0440365381391856,-0.0241976723111157,-0.0359322123303363,-0.0130572339017118,0.115375362325824,0.0799939816883237,0.153355883736093,0.010664127227619,0.00964046717167363,0.0116225008494707,0.0103678096905287,0.00948353221608052,0.0113077276100269
1400,50,110077.52,93358.32,126258.86,42896.8,33145.78,54158.62,2848.76,2477.42,3188.26,4718.28,4411.38,4973.08,206.38,157.3,252.04,426.9,339.96,520.6,263.24,212.18,319.76,-0.0672661362580001,-0.0896504694268349,-0.0463334188149805,-0.0248381651412255,-0.0371717443957316,-0.0141397250438906,0.105721678760812,0.064871896461287,0.145025146486024,0.0112266373303133,0.0102668568902516,0.0121819791068651,0.0114177864924159,0.0104653686366698,0.0123577727939947
1410,50,116227.76,99261.04,133324.6,46943.74,37290.08,59262.02,2719.48,2333.66,3088.28,4592.16,4288.28,4862.46,217.78,169.34,266.36,454.3,361.86,550.86,280.4,218.48,340.08,-0.0718346997777863,-0.0937496426653843,-0.0499320000026717,-0.0300391780212011,-0.0418726515962936,-0.0179960986670194,0.092225679497953,0.0491294189256059,0.12967794638613,0.0120415836254765,0.0110112428337327,0.0130161906590553,0.0123605955522884,0.0114268639935673,0.0133262117014237
1420,50,122539.44,107015.74,141432.54,51696.92,40196.42,64264.4,2575.46,2203.84,2967.8,4479,4150.02,4785.02,228.64,178.04,279.42,476.62,382.98,576.18,295.88,227.62,356.04,-0.0797788019655998,-0.100999829325637,-0.0572394541288875,-0.027165557744278,-0.0394763150037801,-0.0156637277287991,0.0715726394192987,0.0295753663244865,0.109786945459462,0.0132619553342969,0.012221526448712,0.0142665962401529,0.0132265308337683,0.012218950018413,0.0141471438940369
1430,50,129798.74,112604.16,149143.54,55844.68,44084.52,68193.02,2414.84,2019.22,2803.9,4365.64,4069.38,4700.28,236.44,182.28,289.24,500.2,399.08,596.32,313.46,252.82,374.18,-0.0926445596651179,-0.117428457509387,-0.0715943099678835,-0.0280276701995846,-0.0400083381898489,-0.0157037592098434,0.0659855561121054,0.0242614208056454,0.106839646075347,0.0144586283065437,0.0133870493364103,0.0156021101561032,0.0141152249747274,0.0130777886488798,0.0150630943372649
1440,50,137534.82,119584.76,157208.48,60899.42,47759.38,74754.82,2253.44,1840.94,2667.3,4253.96,3932.38,4566.34,234.38,180.44,293.02,525.4,412.3,629.3,324.24,262.44,389.4,-0.0945717044180436,-0.11835798596562,-0.0727419835993384,-0.0276416989791787,-0.0444378384020534,-0.0125859312155137,0.0365618353419213,-0.0078058462907031,0.0768732793529123,0.0146863168356618,0.0135976344931796,0.0157404628314104,0.0151654038670238,0.014138998856004,0.0161398600243361
1450,50,145169.38,126927.4,164016.2,65471.94,51376.9,79421.86,2104.88,1743.6,2508.84,4119.72,3765.6,4435.62,230.72,174.18,282.86,535.52,425.38,649.5,330.76,264.22,394.22,-0.0907414778402264,-0.114269848371928,-0.065312883153439,-0.0306983657226013,-0.049047066846938,-0.0130452956108007,0.0180176608949982,-0.0310336653474184,0.0615666883752711,0.015540082389391,0.0144098222951077,0.0166514556627136,0.0157801272027674,0.0147304412552679,0.0169077078600512
1460,50,152489.64,134173.64,172515.9,70575.66,57002.66,82692.6,1942.06,1578.36,2344.5,4004.02,3686.4,4324.22,224.14,163.74,279.94,544.92,429.64,658.1,334.94,263.56,401.74,-0.106475402940337,-0.130523707578649,-0.081625735781739,-0.0268684141567348,-0.0448486157658044,-0.00855745277884117,0.0103762774536688,-0.030124621646423,0.0506425616754736,0.0161628709476527,0.0150240667004399,0.0173294032706445,0.0165775935092107,0.0154586618187002,0.017667556523571
1470,50,160147.62,140150.02,179784.52,75253.58,61840.28,89679.86,1782.46,1373.38,2190.54,3890.46,3573.56,4235.84,214.24,163.2,270.5,530.82,430.62,643.58,331.04,256.48,401.3,-0.11392334131106,-0.143499687701382,-0.0845687956587979,-0.0278417184414804,-0.050091674327017,-0.00739749159842131,-0.0159587889362213,-0.0548253116639905,0.0196399713332415,0.0174388839556768,0.0162177416233209,0.0186993803503624,0.016800503851185,0.0156274687473942,0.0180284481149062
1480,50,167376.62,146359.22,187257.84,79671.26,65763.14,92788.6,1648.16,1220.76,2069.72,3793.46,3438.98,4118.72,186.52,136.4,236.92,518.46,408.26,629.98,320.58,246.48,392.66,-0.108676952563582,-0.138471909335182,-0.0823974837093743,-0.0266002244447318,-0.0507910484379162,-0.00546951553720986,-0.0333176434533279,-0.0665848256504459,0.000247912264230927,0.0171340913448828,0.0158642373063244,0.0184524179027137,0.0173101217084184,0.0161450143324336,0.0185258748647575
1490,50,173460.82,152642.64,192085.84,83875.4,69570.8,98892.28,1523.48,1112.94,1951.28,3710.34,3363,4082.46,163.32,117.8,212.62,487.2,386.82,579.9,300.96,234.8,367.62,-0.108406490980897,-0.140144649686315,-0.0793524497094346,-0.0251342303369221,-0.0494318960952138,-0.00184851004306973,-0.0486925589453675,-0.0852832093078121,-0.0125326966140746,0.0167983549701401,0.0155836873088939,0.0180363904612486,0.0171941524309677,0.0159972276479499,0.0183747650234951
1500,50,179104.34,156786.9,199009.04,86620.18,72226.64,100855,1420.2,1035.86,1859.5,3676.48,3295,4041.06,141.34,99.48,187.92,441.22,347.62,533.5,273.14,211.42,332.34,-0.105981659470852,-0.138328620145376,-0.0761953062343057,-0.0136475633526903,-0.0371725301883041,0.00863248868597115,-0.071415533377731,-0.102534262439149,-0.0380868257273199,0.0164579428042869,0.0151142173332187,0.0176690506078252,0.0162018842335095,0.015012328187616,0.0173815018140059
1510,50,183617.88,162447.34,202700.3,87759.94,71646.78,102362.34,1342.28,960.28,1770.94,3652.38,3260.42,4016.24,116.02,75.82,158.26,394.02,309.8,482.54,246.1,190.86,303.38,-0.0766692163480732,-0.105551382929293,-0.0496497476371183,-0.00980704810955299,-0.0300103640977615,0.012812596924105,-0.0835031938130684,-0.118443350328791,-0.0457180892730424,0.0148587996798824,0.0137024901023939,0.0159898262979648,0.0148650723397788,0.0137836165073875,0.015968149986166
1520,50,187144.86,166299.14,205355.44,88174.54,72171.86,103808,1266.66,867.08,1674.78,3686.02,3289.92,4081.58,101.48,63,147.76,355.96,266.56,447.02,218.76,166.56,271.92,-0.0808335637565344,-0.106890559683849,-0.0556531266781809,0.00887288238170952,-0.0118811898944912,0.0282814208808858,-0.0856479892352595,-0.125036560435105,-0.0447475849848803,0.0136862543757118,0.0125244022890047,0.0147595042895668,0.0134732139906163,0.0124831046620066,0.0145112570332665
1530,50,190601.76,169572.1,209316.26,86606.56,69529.32,102707.32,1206.2,824.02,1639.9,3726.8,3300.12,4154.96,85.46,50.84,126.4,322.38,245.78,413.62,195.28,148.22,251.44,-0.0684657689923966,-0.0963274695968705,-0.0416050593803131,0.0162602670513427,-0.0044182709047713,0.0366839264736167,-0.0845559120530403,-0.123017271229136,-0.0469343470953706,0.0125990985405048,0.0115123583116651,0.013672941100215,0.0118896872952126,0.010915070640108,0.0128578977409563
1540,50,193046.82,172053.08,210596.5,84596.5,68403.76,101144.1,1164.38,762.28,1591.18,3780.54,3373.22,4151.96,70.58,36.88,109,300.18,219.42,380.72,173.3,130.52,225.1,-0.0450280026819791,-0.0723641805438598,-0.0220025759952316,0.0222269060584594,0.000569715300330176,0.043155559052078,-0.0887652330404947,-0.128996276775762,-0.0519883472189991,0.010843476550446,0.00990095166815113,0.0118435633450722,0.0108184637819613,0.00989655898823347,0.0116757000153677
1550,50,194882.6,172521.2,214152.6,81635.18,66619.46,96853.96,1128.4,724.64,1559.94,3878.88,3501.66,4247.3,56.84,29.18,90.54,271.46,197.48,356.22,157.66,111.12,203.08,-0.0398681631062717,-0.0660593155130926,-0.0189672389575756,0.0354604235589698,0.0140914999795863,0.0546675986222775,-0.0689743467326114,-0.105700296834391,-0.0317424363725713,0.009512784592519,0.00859408215665431,0.0105040654756669,0.00950809739867313,0.00864233881630044,0.0104702320996143
1560,50,196442.8,174563.62,214376.48,77211.72,61627.6,90512.8,1099.66,696.68,1542.82,3997.18,3639.1,4350.04,46.6,22.76,74.88,256.5,185.34,332.2,143.52,101.36,190.08,-0.036696471916929,-0.0645970323849648,-0.00858336557761896,0.0411869428987605,0.0182232400688196,0.0613596396749862,-0.0624589222586006,-0.0986850902526198,-0.0276437310991313,0.00872354288789371,0.00783150395716102,0.00978834775603767,0.00885184767000418,0.008015506347473,0.00975229137039834
1570,50,197714.32,175950.7,217146.42,71727.18,57821.04,86669.5,1082.72,674.7,1513.32,4128.22,3737.62,4472.54,35.94,19.56,56.34,233.4,171.9,295.6,126.18,88.7,169.74,-0.0311085747415787,-0.0557730245131756,-0.00899421447130547,0.0436088727516393,0.0207266436105089,0.0657953247899307,-0.075367417525804,-0.114442231704026,-0.0404241347653788,0.00820245453039331,0.00728039885456444,0.00912866698996348,0.00784426254113535,0.0070952678230214,0.00867081682801315
1580,50,198341.12,177585.24,216692.04,65702.48,52219.3,80042.46,1062.58,669.02,1515.32,4273.74,3932.82,4617.4,24.86,13.22,39.92,216.64,163.36,277.92,113,82.8,149.06,-0.0115556470968836,-0.0353380440537543,0.00960143142739612,0.0442434705131134,0.0235619415459766,0.0668180775454129,-0.0532736119125571,-0.0836487339474849,-0.0227212686712767,0.00646737016623567,0.00573251877713232,0.00725498231901796,0.00697585810149501,0.00626309693026547,0.00774399506079519
1590,50,198993.94,177601.56,216968.4,59453.48,46430.62,73186.8,1065.48,678.54,1522.62,4443.6,4125.38,4756.64,21.02,12.78,31.04,201.18,153.86,250.46,104.84,78.44,135.82,-0.00959080587839734,-0.0319521864515161,0.0113341470316601,0.0482671626047293,0.0289216862398051,0.0667059320347527,-0.0210520141436976,-0.0537057808618687,0.00954986708713827,0.00646899026581152,0.00565616902060106,0.00725921675735202,0.00617384425704184,0.00552908764601407,0.00678662948937608
1600,50,198971.48,177074.78,217845.8,52778.78,41182.16,65294.5,1061.36,671.64,1464.94,4597.82,4274.64,4878.38,16.7,11.64,22.52,202.64,157.38,252.1,98.96,75.58,122.5,-0.00223664591168507,-0.0185428288954732,0.0147121788225003,0.0423798456963356,0.0244682359979374,0.0599505048377866,-0.0123360009898177,-0.0452306543091393,0.0196915911051735,0.00563780241161042,0.00494717859712319,0.00630519875456638,0.0057272362086716,0.00517971396001206,0.00627500086219096
1610,50,199072.32,177545.42,217502.88,46602.84,35540.84,58755.94,1060.08,669.26,1453.28,4748.36,4460.22,5005.7,15.46,11.62,20.16,200.82,157.2,245.38,96.72,75.8,119.1,-0.00572309363705253,-0.0209226742224175,0.00999290088827405,0.0395270746993579,0.0259967958811031,0.0537828976407389,0.00830260579502842,-0.0260707359125716,0.0394092048306797,0.00549792794252027,0.00493104298188067,0.00610101103157896,0.005220802107835,0.0047622042895585,0.00565309022101422
1620,50,199131.3,180463.46,217468.38,41562.94,31028.58,52905.9,1062.84,673.88,1446.62,4860.08,4589.94,5096.04,13.26,10.58,15.9,208.04,165.68,256.64,96.68,75.08,116.82,0.00207356643827038,-0.0131563994962852,0.0185394405355142,0.0303549367934273,0.0175477372147069,0.0444025431345666,0.0218305698748421,-0.0101726983944558,0.0512993221462715,0.00496915834627094,0.00441018525310328,0.00549067329027352,0.00503234005777544,0.00462334884569867,0.00541016257961878
1630,50,198994.96,174224.14,217348.92,37751.96,28871.22,48068.24,1068.9,676.64,1506.9,4941.02,4694.04,5163.86,14.08,11.24,17.1,214.56,169.84,263.42,98.06,77,119.2,0.00166007349607935,-0.014732932835415,0.0171241442783817,0.024561571039789,0.0104642768013181,0.0392520060562703,0.0194120235209085,-0.00916073881584077,0.0458759029856285,0.00525605534758788,0.00472057929774437,0.00583961100859111,0.00492899253376293,0.00457060002037228,0.00529115392225239
1640,50,198755.2,177012.84,217667.2,34349.78,26405.6,43373.46,1068.68,669.46,1510.26,5014.76,4797.2,5196.3,14.12,11.18,16.82,225.5,180.46,278.16,102.54,81.58,124.16,0.00114185307008197,-0.0114215135723896,0.0125101770871266,0.0210239565198121,0.00966542894681028,0.0335889031628582,0.0416080773665692,0.0127085761238177,0.0697485198114022,0.00503943281690856,0.00451587162483017,0.00557238765562238,0.00498571732454555,0.0046274322025003,0.00535385388077135
1650,50,198704.6,179791.28,216999.64,31949.24,25104.42,39673.58,1069.06,679.1,1523.1,5065.52,4863.54,5228.14,13.4,10.74,16.04,238.66,189.6,288.08,107.9,87.1,131.7,-0.00594965897530273,-0.0260941805913931,0.00959433971481509,0.0154047850098803,0.0042650044514262,0.0276611515930165,0.0473696108201606,0.0264327920757234,0.0693424698527351,0.00528358701534764,0.00467165405451796,0.0059545499582411,0.00512575727996247,0.00476589322320328,0.00549610902041626
1660,50,198786.24,177322,217693.06,29947,24165,36896.4,1068.54,674.84,1523.1,5105.78,4929.74,5242.84,14.74,11.66,17.94,250.6,200.36,304.02,112.58,89.62,133.36,-0.00102999545055192,-0.0111113467052283,0.00797531647204361,0.0126459873487085,0.000998558082380695,0.0266421247551489,0.0403725522872161,0.0182718685934297,0.0608525102336919,0.00542999635616665,0.00486522967470329,0.00599531790267845,0.00529670523378074,0.0049343526627107,0.0056572662445264
1670,50,198814.82,179938.34,217026.88,28216.16,23733.56,33905.94,1062.2,670.66,1517.14,5133.64,5008.1,5246.22,13.9,10.8,16.96,265.08,209.88,317.72,118.3,94.84,143.5,-0.0118323665724778,-0.0267960840431194,0.00121253585777988,0.00911950067563396,-0.0019574095413935,0.0214454468223121,0.0484068999010882,0.0286291764382194,0.0692401010928889,0.0052132315705919,0.00458797766472345,0.00585504813540944,0.00557548468446704,0.00519053149473262,0.00600960571146046
1680,50,198963.74,177222.76,217945.22,27098.36,23621.56,30829.48,1064.16,677.9,1505.7,5148.7,5053.46,5254.08,15.2,11.94,18.62,277.66,219.66,330.28,125.4,101.62,150.92,-0.00214145137176392,-0.019748521748327,0.0152063738235775,0.00488179546849792,-0.00456046874897616,0.0153472485345732,0.0534746105509677,0.0370727302140204,0.0712833330480159,0.00547920494914424,0.00489266086246204,0.00610926152102094,0.00581430714205693,0.00544804313203455,0.00618908751818644
1690,50,198935.58,176676.3,217804.96,26642.4,23676,29674.82,1065.84,676.02,1475.16,5165.94,5077.58,5255.86,16.76,13.6,20.34,293.52,237.58,348.22,131.88,107.22,156.96,-0.0193936660420143,-0.0415347536653181,-0.000871496691076466,0.00424101815606067,-0.00290398804797925,0.0121965332808132,0.0525963330567322,0.0333422140955986,0.0729040985288746,0.00686116843897839,0.00609398744571683,0.00773465209767312,0.00614608577057803,0.00572040870704034,0.0065671495919859
1700,50,198932.18,176837.44,217224.14,26295.56,23582.1,29123.92,1072.34,666.38,1527.62,5171.06,5083.24,5253.92,17.16,13.88,20.64,308.12,249.72,365.52,139.36,113.42,165.58,0.0032497634876855,-0.0133305031411895,0.0186388589866948,0.00129528762103747,-0.00434594045688665,0.00733323324939948,0.0510049216046203,0.0329138251654187,0.07165557018154,0.00667481705682868,0.00589126171849838,0.00752935375141261,0.00645736926167143,0.00605323960284081,0.00686624886768696
1710,50,198609.92,177490.32,217206.5,26242.36,23414.96,29199.46,1064.82,670.9,1511.66,5143.48,5050.38,5233.02,17.66,14.3,21.32,327.56,268.84,388.78,146.76,121.62,171.98,-0.0231582455803482,-0.0366874869595215,-0.00981783453147844,-0.00546444998793434,-0.0101517655815717,-0.000733239918803638,0.0553718683858936,0.0377492909379347,0.0753807444917118,0.00668877497101011,0.0060189263883577,0.00736085323371014,0.00688696033644541,0.00649039583462731,0.00734088912355143
1720,50,199146.94,176015.94,218020.46,27082.76,24304.88,30134,1056.36,678.74,1469.36,5124.56,5033,5214.94,18.42,14.58,22.4,340.28,278.68,398.1,153.18,125.72,179.14,-0.0196948446814905,-0.0366156153087,-0.00500091189653468,-0.00380633993509646,-0.00743286394889409,-0.000315755395524867,0.0433996003329076,0.0298287693974101,0.0572458368458199,0.0069461230957541,0.00626696211547181,0.00762698167895433,0.00722201442449489,0.00675834116520931,0.00771295597041661
1730,50,199515.04,177706.84,218255.26,27788.7,24561.64,30956.3,1057.42,660.76,1516.6,5099.92,5000.98,5187.34,19.58,15.72,23.5,352.42,294.1,410.68,160.82,132.68,189.68,-0.0173966517958383,-0.0343557400701238,-0.00374659566870744,-0.00458334826259721,-0.00793241645440991,-0.00120868435882036,0.0461245572054012,0.0325379769735594,0.0581855805975608,0.00770203204997467,0.0069348675361722,0.00850765108532068,0.00750997011335376,0.00704803946743806,0.0079686277418938
1740,50,199547.86,176932.06,218177.92,28609.12,25545.66,31609.98,1043.5,615.04,1501.4,5089.34,4990.16,5186.1,19.72,16.02,23.28,372.56,310.18,436.62,168.22,140.54,195.66,-0.0360355156380749,-0.0548440781796729,-0.0191712791518616,-0.00217044096005734,-0.00577738573767884,0.0010860658524126,0.0488195433101233,0.0330600625839521,0.064395601900597,0.00816027894858194,0.00738811641276674,0.00905076372291682,0.0079805131769288,0.00752408610777724,0.00842682115407859
1750,50,200139.1,178574.36,218550.84,29391.16,26249.02,32786.1,1036.86,647.38,1502.84,5040.86,4942,5144.66,20.26,16.3,24.34,388.94,321.82,449.74,175.42,144.58,205.5,-0.0379108822288768,-0.0525453292774999,-0.0237379176286746,-0.00967653109880794,-0.0133971423591926,-0.00582763483496115,0.0387443924240046,0.026374060499896,0.0514930016974731,0.00827161541464072,0.00750805650125949,0.00909519818331034,0.00835826684541171,0.00786805860271209,0.00881737266381498
1760,50,200440.98,178181.78,219087,30926.06,27526.7,34503.06,1031.58,636.42,1450.88,5004.76,4899.38,5099.66,19.56,15.8,22.98,400.78,337.36,467.26,179.36,150,206.64,-0.0266359412748386,-0.0424743991609836,-0.0105952301583228,-0.00726282333868017,-0.011062107673908,-0.00363020140179475,0.0278569547835021,0.0115113640025127,0.0434270743838636,0.00859594761217488,0.00776386459199869,0.00945235968191044,0.00873747674545316,0.00824792927423676,0.00922621543394941
1770,50,200807.96,178535.86,219824.6,32060.16,28819.48,35514.36,1019.58,633.5,1477.5,4981.42,4870.94,5087.22,20.1,16.32,23.64,411.02,351.7,470.08,186.12,154.2,212.06,-0.035858827337661,-0.0542700192795077,-0.0169091958593316,-0.00473199085623693,-0.00833022056127228,-0.00113089925221227,0.0341413694109445,0.0211776746175522,0.0468084535812269,0.00862988866726141,0.00782532222552708,0.00951874992563093,0.00902133319121353,0.00854543320344107,0.00952776465429195
1780,50,201240,182298.06,220610.82,32845.38,29247.22,36379.8,1008.38,604.52,1458.42,4951.9,4838.98,5061.86,20.56,16.5,24.34,422.2,354.52,480.38,193.38,162.78,223.7,-0.0547966487516913,-0.072960559683836,-0.0398324050978903,-0.00603948938334957,-0.00989179418874073,-0.00217421711608142,0.0382372366194699,0.0240976500341136,0.0522602787214209,0.00961432444409572,0.00871829027452818,0.0106086925036435,0.00933763992920856,0.0088151269067161,0.00986606662126866
1790,50,201791.38,179672.46,220920.66,33942.3,30139.42,37670.14,1005.46,609.06,1455.06,4921.24,4804.86,5034.64,20.14,16,24.12,436.42,363.86,499.02,199.5,165.54,228.48,-0.0332070990038545,-0.0569247673914015,-0.0116810774342907,-0.00633331390455303,-0.00977754006559281,-0.00310916318738752,0.0300647975134743,0.0192282685967779,0.0427971891715138,0.00934702645506581,0.00849030702304678,0.0103038402705864,0.00971564367470248,0.00925361289763248,0.0101831346618102
1800,50,202128.98,179917.04,220805.34,34923.18,31071.82,38601.54,995.62,586.32,1415.04,4895.32,4785.14,5011.8,20.66,16.62,24.92,452.08,386.94,515.8,204.68,173.54,233.44,-0.0545237599661986,-0.0748156611425595,-0.0360766593384753,-0.00509400394964574,-0.0101340709339706,-0.000354961691414353,0.0278893956618972,0.0141106905233921,0.0445914405334902,0.0113026436245217,0.010036806403562,0.0127315903282602,0.0101540825277997,0.00970093203553137,0.0106852238088701
1810,50,202582.3,180879.72,221521.74,35732.72,31807.58,39476.2,976.92,573.62,1448.32,4859.68,4745.98,4975.36,20.38,16.16,24.28,461.18,390.54,520.8,207.5,174.46,237.1,-0.0465124521516542,-0.0638552059383152,-0.0275543658977943,-0.0074410485297993,-0.0114235750787487,-0.00367750290403405,0.0145292134203346,0.0045121349767512,0.0255504844019134,0.0103920167079238,0.00936936852148293,0.0113649723768152,0.0104185537627556,0.00989070904879091,0.0108859140660078
1820,50,203331.82,181356.4,222771.16,36876.42,32983.7,40667.92,970.46,567.72,1433.02,4838.38,4724.66,4952.14,19.1,15.46,23,457.72,381.7,519.18,209.98,176.82,239.28,-0.0589728388269829,-0.0800331257586214,-0.0383129859276826,-0.00415141935908092,-0.0076970173947521,-0.00068041917227649,0.0123898787949895,0.00155166395099657,0.0235550256737408,0.0110672896765784,0.00994797157987965,0.0121087646781336,0.0104251580944681,0.00992800435133313,0.0109309418845656
1830,50,203722.8,181714.44,222978.9,37899.06,33904.36,41506.64,959.96,561.02,1420.74,4814.64,4706.16,4940.98,18.74,14.74,22.94,467,404.04,531.86,213.38,182.82,243.02,-0.0559798042637324,-0.0849013694819909,-0.0304494576345415,-0.00498437115949025,-0.00880263700489549,-0.00143035366831993,0.0154512125733207,0.00421047071578457,0.0285816674876457,0.010945276989825,0.00975716018386831,0.0122032500572161,0.0106830832154607,0.0101092365754045,0.0111963062920041
1840,50,204155.48,181154.7,223433.92,38699.98,34987.7,42536.44,951.42,534.3,1424,4787.78,4665.16,4911.04,17.54,13.74,21.5,476.74,409.4,542.7,217.1,185.02,246.42,-0.0706975401637328,-0.0936109113617054,-0.0491392237274443,-0.00564954385803419,-0.010047269787231,-0.00182348215157173,0.016605351807164,0.00643691571707398,0.0295694765790833,0.0108421317892692,0.0096538304284271,0.0121641727342675,0.0109831340709623,0.01042377371859,0.0114874077963485
1850,50,204532.38,181664.18,223906.78,39534,35271.7,43461.22,947.42,544.74,1413.42,4772.08,4651.42,4891.56,16.48,12.88,20.28,478.96,407.88,540.74,219.88,186.64,250,-0.0590016274858874,-0.0793828364035122,-0.0406321551465919,-0.00321005734132597,-0.00789318311306078,0.00134114379199672,0.0125069634214977,0.00340341114870368,0.0221735704672257,0.0112268482900973,0.0100417591278545,0.0125069791335801,0.0111076939103041,0.0105444554458831,0.0116267385883902
1860,50,204893.9,185417.06,224352.92,40193.42,35959.74,44177.52,939.16,516.06,1420.08,4745.1,4614.62,4869.62,15.4,11.96,18.88,490.34,420.94,552.22,220.98,189.82,249.16,-0.0609340103825668,-0.0964723410570745,-0.0247854127587409,-0.00579877451675905,-0.0100822042943501,-0.00182248588782233,0.00520081540721598,-0.00379373092645488,0.0148653895890237,0.0108547384789901,0.00960864549683088,0.0120990758879917,0.0114219220119597,0.0108957961828799,0.0119627445010835
1870,50,205198,184730.96,224446.96,41090.88,36899.22,45212.46,923.44,504.44,1404.04,4726.06,4601.86,4853.7,14.2,10.98,17.42,486.26,412,550.54,223.06,191.14,252.06,-0.0668023868520946,-0.0875719179739015,-0.0455664257877657,-0.00388030942155407,-0.0069462384110781,-0.000903623756493935,0.00879505229112844,-0.00378626821968826,0.0200869597051355,0.0107326247878115,0.00945939137700041,0.0120166017544246,0.0114177216680288,0.0108833503030313,0.0119225157567638
1880,50,206008.18,183678.1,225212.04,42165.34,37769.46,45856.34,919.72,495.7,1393.58,4706.12,4592.18,4829.42,14,10.54,17.62,496.2,424.54,564.82,221.62,189,253.1,-0.0476014900952563,-0.0824059647891698,-0.0163088495255736,-0.00409706857682768,-0.00850899638981629,-0.000121675356658559,-0.00428490961041878,-0.0134373846297011,0.00447966162013889,0.0131769510779891,0.0110442868042823,0.015577099993812,0.0117007266904168,0.0111406699135888,0.0122487211362758
1890,50,206190.76,186362.24,225776.9,42474.64,38149.64,46137.46,911.98,507.88,1388.34,4707.06,4581.88,4829.28,13.54,10.46,16.76,485.64,415.76,544.9,222.36,193.3,252.22,-0.0807505394108312,-0.110262961420915,-0.0497162317977373,8.0887540579682e-05,-0.00328419710976856,0.00360237791418592,0.00374798176875544,-0.00781147476070194,0.0150597382644272,0.0120389947017087,0.0107226707816975,0.0135093735992373,0.0114924569655155,0.0109526877944994,0.0120155930790812
1900,50,206435.48,183406.02,225596.38,42587.48,38547.8,46768.42,908.8,509.66,1393.66,4683.64,4564.2,4810.02,12,9,15.2,487.96,412.14,553.68,222.32,190.8,251.14,-0.0043455885808246,-0.0522428291036716,0.053877012977656,-0.00478583239984443,-0.00849179707473602,-0.000969362755268726,0.000139012747161875,-0.00836645677670773,0.0084842271478869,0.0119703478472891,0.0103523102372379,0.014001956458384,0.0115635491673848,0.0109863307431798,0.0120603509458772
1910,50,206783.74,183607.24,226361.38,43128.1,38936.16,46999.66,891.3,477.8,1306.04,4674.54,4562.46,4805.54,12.16,8.88,15.48,490.32,421.06,553.7,223.22,188.82,251.3,-0.103811303400671,-0.133737463766896,-0.0754716181204243,-0.00195569706224401,-0.00605315748858755,0.00258296877914,0.00383229628242477,-0.00488829575974929,0.0120556595809496,0.0119284552142653,0.0106052624455915,0.0134457071470694,0.0116813600659949,0.0111753948284196,0.0122382876746122
1920,50,207496.32,184539.84,227315.16,43572.52,38881.34,47655.66,888.08,483.22,1365.52,4684.58,4562.14,4827.78,10.3,7.66,12.98,491.58,420.06,549.72,221.6,190.74,249.48,-0.053672740075555,-0.0833899772328185,-0.0254804958782674,0.00206825973319459,-0.00236367286115626,0.00642145376940927,-0.00507966082864672,-0.0144204230545549,0.00378434381349991,0.0116545181840114,0.0103094962498786,0.0132578552961231,0.0117501535836736,0.0111926137969329,0.0123322638802233
1930,50,207523.98,184755.6,227012.48,43439,39142,47510.4,884,482.1,1364.14,4685.02,4553.28,4822.72,8.84,6.62,11.06,481.34,409.94,545.12,218.38,185.08,246.92,-0.0518658625728775,-0.0812603020662973,-0.0193633314822233,0.000310490568178107,-0.00380029159911926,0.00428667042569413,-0.0113049490465889,-0.0203316625346659,-0.00250756080895246,0.0100653761998824,0.00880673683598444,0.0113854986704174,0.0114806303683665,0.0109701008963044,0.0120062223615077
1940,50,207654.72,184626.1,227031.38,43214.12,38655.1,47033.9,884.58,471.88,1372.86,4683.26,4561.1,4813.84,7.34,5.54,9.52,479.22,410.16,545.04,216.96,184.98,245.46,-0.0336261075289512,-0.0699142999211878,0.00625417835320452,-0.000229412493671658,-0.00345832583372063,0.00302377961081013,-0.0047377595597866,-0.0122869255635037,0.00298614725817605,0.00941674328314288,0.0078553779662973,0.0111952326591012,0.0114170534681951,0.0108960163574052,0.0119246184340921
1950,50,207861.78,184570.92,227422.64,43180.86,38779.18,47247.64,876.14,464.82,1354.22,4695.14,4578.24,4818.66,7.76,5.78,9.92,473.52,402.1,535.28,216.42,186.32,243.22,-0.0587130058871,-0.0909275463132501,-0.0225657080710154,0.00281862676129993,-0.00114303473216702,0.00595188558798492,-0.00185816294395708,-0.00920941750573367,0.00552633875749572,0.0107007733937511,0.00937270290230783,0.0120493206802812,0.0112757116525443,0.0107343284560962,0.0118170284987052
1960,50,208194.32,185506.52,227622.88,42763.84,38420.1,46568.28,871.36,390.64,1353.38,4700.26,4582.94,4828.96,7.9,5.96,10.02,475.38,403.48,536.1,214.68,182.32,241.42,-0.060328831320819,-0.0893248010529965,-0.0324603171423408,0.00133678694487783,-0.00282999868206529,0.00528290822618602,-0.00604658143847146,-0.0157211248599776,0.00382702676611508,0.011765481495083,0.0102315158028879,0.0133109002889715,0.0112820724459821,0.0107673134076755,0.0117906300984257
1970,50,208424,185400.5,227857.9,42413.48,38460.26,46434.16,867.76,459.9,1276.98,4704.88,4582.02,4834.98,6.62,4.94,8.3,474.68,405.28,538.16,213.18,182.76,240.44,-0.0749457416435692,-0.11517551654577,-0.0337213820545326,0.000885085672238956,-0.00301158438986803,0.00500287416091039,-0.00541908204038105,-0.0133438515686803,0.00214108978980059,0.0124719267550648,0.0105200032426418,0.0147425393365003,0.0112448720708153,0.0107072689691036,0.0117757147954734
1980,50,208635.16,185292.8,228437.08,42349.28,38171.54,46196.08,866.72,453.4,1357.78,4705.82,4589.22,4822.34,6.18,4.54,7.98,470.46,401.76,529.86,211.34,179.94,237.88,-0.0681943910808796,-0.0982574613976576,-0.0380146529936422,0.000559558441695943,-0.00345258092724126,0.00439748300650703,-0.00571370192921641,-0.0166061427180856,0.00494243726951076,0.0113400257311976,0.00975028146642736,0.0129268263897944,0.0111423602945618,0.0106162039186445,0.0116393713756793
1990,50,208782.7,185302.64,228425.14,42309.92,38387.66,46426.08,858.84,442,1342.84,4711.54,4588.3,4841.76,5.52,4.06,7.24,473.82,399.4,533.92,210.34,181.08,238.4,-0.0417904015356896,-0.095550072599946,0.0391993444232337,0.00102427694799539,-0.00285353315060083,0.00491941921602452,-0.00293825675005416,-0.0115222986993795,0.00522315196021958,0.0104593339089619,0.00880781044037008,0.0119042454483959,0.0111960982296178,0.010683483576931,0.0116945109640124
2000,50,208967.58,185223.52,228448.04,42199.82,38188.44,46077.8,851.24,437.24,1335.78,4717.48,4599.46,4847.98,4.78,3.34,6.14,463.12,396.78,522.98,210.36,178.34,237.42,-0.0372988478728301,-0.0815788007027537,0.00554192608247336,0.00163679745860085,-0.00257945469818102,0.00557774768616275,0.0011562673650437,-0.00932119100799689,0.0126775483265723,0.0103761469972396,0.00871951557570276,0.0121913653002091,0.0109283427406189,0.01033365497838,0.0114129481539175
